nombre_vina;telefono;descripcion;vid
VIÑA DE BOLONIA;56994131638;Deleniti natus ex tempora.;4
VIÑA PICACHO-PEGUERA CHARCONES;56900266477;Facere praesentium magni qui nemo a. Mollitia deleniti quisquam distinctio officiis.;26
VIÑA CERRO DE;56976610999;Delectus ratione laudantium laudantium facere accusamus quis ullam. Alias alias nam.;2
VIÑA SALTILLO CASA;56967530612;Quis commodi laboriosam tenetur fugit. Iure provident recusandae quaerat minus sequi.;46
VIÑA PEDRO HOYO;56926797558;Iure accusamus accusamus sapiente tempore quibusdam consectetur sequi. Quisquam ipsum temporibus corrupti.;34
VIÑA DEL DE;56960482126;Quos tempore rerum nesciunt quo. Vero nisi velit illo quia asperiores iusto expedita. Nihil accusantium et architecto quam culpa laboriosam. Soluta pariatur placeat velit nostrum saepe doloribus asperiores.;15
VIÑA MONTE DE;56946751464;Explicabo minus odit at delectus tenetur repellendus. Repellendus ratione sint natus sunt asperiores.;36
VIÑA DE ROCHE;56911336234;Ab cum id sint doloribus. Omnis assumenda voluptatem repellat asperiores in.;0
VIÑA LA DE;56915924390;Eligendi magnam natus veritatis quaerat tempore commodi perspiciatis. Perferendis optio optio laborum reiciendis.;45
VIÑA EL RUTA;56996645473;Esse ipsa tempore velit sint aliquam sed. Adipisci quia ipsa.;18
VIÑA SALTILLO LAGARÍN;56915418230;Dolores non adipisci excepturi consequuntur delectus sint. Praesentium quis voluptate. Amet laborum animi ullam hic cumque. Incidunt sapiente enim.;8
VIÑA DE PUERTA;56966668395;Deserunt libero id. Ipsam consequatur minus aliquid inventore. Doloremque maxime voluptate laboriosam autem praesentium excepturi.;33
VIÑA EMBALSE DE;56934670375;Nihil voluptatem repudiandae quo libero magnam in placeat. Aspernatur corrupti cumque earum officiis nobis architecto.;22
VIÑA BAHIAS. DOS;56929778882;Quibusdam asperiores excepturi tempore laboriosam. Reiciendis incidunt eveniet ratione quia.;27
VIÑA LECHE DEL;56986327111;Nostrum veritatis sit quia eius.;7
VIÑA LA LADERA;56903518309;Eveniet hic sequi doloremque quo animi optio possimus. Reprehenderit suscipit aliquid voluptatibus aperiam. Velit itaque tempora soluta libero veniam ullam officia.;40
VIÑA DEL PILAR;56938825819;Ducimus quaerat laudantium distinctio nam corrupti ad. Perferendis molestias voluptate sint suscipit ex molestiae reiciendis.;20
VIÑA DE DEL;56942502312;Officiis aperiam enim omnis rem. Sapiente quod repellendus eaque. Minus ut non aut voluptas atque.;37
VIÑA PUENTES ROMANOS;56905220520;Cupiditate est mollitia nemo at dignissimos delectus id. Asperiores ratione sunt eveniet aperiam eum.;47
VIÑA LA FRONTERA;56972153721;Beatae non officiis autem enim a. Aliquid quasi amet at repellat.;14
VIÑA DE LAS;56932508467;Cumque voluptas ut.;42
VIÑA EL III;56979385876;Aperiam ad aut fugit. Esse dolore facere ipsam modi ipsum aliquam. Vel rem hic.;38
VIÑA JEREZ DE;56913987849;Quibusdam cum praesentium quibusdam architecto voluptatibus eos. A consequatur aliquam culpa provident. Omnis eum quae similique praesentium odit veniam. Ullam praesentium perspiciatis ipsam ducimus eveniet consequatur.;41
VIÑA FRONTERA-CANTARRANAS PICACHO-PEGUERA;56911970071;Excepturi cupiditate illum. Cum illo neque minus at.;32
VIÑA DE DE;56989066697;Iusto cupiditate consectetur est est a. Aspernatur unde laborum ipsam modi. Nostrum ea fugiat fugiat reiciendis earum. Molestias tempora necessitatibus atque explicabo consequuntur libero.;23
VIÑA ALBINAS LAS;56926532026;Impedit itaque quisquam dignissimos consequuntur iste sapiente. Deserunt porro dolores dicta. Atque nulla repellat sunt.;35
VIÑA FRONTERA-PALOMAR BREÑA;56995359003;Magni ipsa quia. Quae sequi sed blanditiis nobis repellat. Quidem recusandae reiciendis pariatur soluta.;1
VIÑA RUTA MÁLAGA;56994839713;Omnis minima repellendus id. Saepe doloremque sunt saepe assumenda sunt sint. Alias quas delectus ea. Enim saepe sequi explicabo doloremque.;28
VIÑA VEGA BODEGA;56995544353;Quas voluptas maiores reiciendis. Animi illo nostrum totam accusamus porro.;25
VIÑA DE TRAFALGAR-CAÑOS;56954619434;Ut alias soluta ipsa iusto. Veniam maxime possimus consectetur quod adipisci perferendis. Vel commodi doloremque ea at.;44
VIÑA JANDA SALTO;56927206065;Magni nemo ut minima velit voluptas exercitationem. Nesciunt modi inventore. Quo saepe quos aliquid illum doloremque fugiat quasi. Voluptates in minus.;6
VIÑA DORNAJO DEL;56977343174;Odit nam cum perspiciatis hic quas debitis.;11
VIÑA Y LOMAS;56972682003;Id possimus debitis tempora atque ut deleniti veritatis. Incidunt omnis unde. Itaque esse eligendi.;13
VIÑA DE VENTA;56935608447;Laborum laboriosam magni quos nostrum libero voluptate. Totam quia unde ut doloremque voluptatibus dolorum. Sit ipsam quaerat laudantium explicabo.;24
VIÑA BENALUP-CASAS LAS;56922108110;Porro harum nulla accusantium. Quo dolorum placeat similique non aut. Quaerat non minima libero.;17
VIÑA DE TAPA;56934512702;Deleniti corporis accusantium libero quibusdam nobis quam. Quis minus quos nesciunt iusto.;10
VIÑA RECREATIVA DEL;56909191169;Dignissimos at dignissimos autem. Praesentium molestiae ipsum. Quasi vero animi reiciendis aliquam.;31
VIÑA ASOMADA POZOS;56986107457;Voluptates praesentium officiis dicta. Praesentium iusto provident voluptates pariatur corporis maiores sed. Perspiciatis nobis ea totam esse suscipit numquam.;29
VIÑA SALINA DE;56904682224;Ipsum eos maiores odio reiciendis optio. Maxime possimus id ducimus tempore. Aliquid modi rerum soluta illo ipsam est.;19
VIÑA ROTA AZÚCAR;56923194770;Quaerat pariatur eos. Enim quia recusandae enim laudantium animi dolores fuga. Non odit quas ipsam quo. Odit quisquam porro repellendus suscipit.;9
VIÑA LA SUARA;56992249640;Impedit totam eligendi quam cumque. Officiis doloribus nihil sint delectus voluptatum omnis. Eligendi iusto quidem quis.;5
VIÑA DE AL;56900779981;Commodi ad ipsum voluptatum cum. Nihil ut mollitia mollitia eaque.;43
VIÑA LA COLADA;56963492274;Necessitatibus sed nihil ducimus ullam. Perferendis ipsam quidem ratione. Natus quos quibusdam magnam nam magnam.;39
VIÑA PRESILLAS DE;56999027088;Voluptas vel expedita at laborum omnis velit architecto. Aliquam totam ipsum possimus ipsa accusantium. Necessitatibus accusantium magnam.;12
VIÑA LOS MORITA;56952539196;Impedit optio voluptatum quasi ea. Tempora suscipit saepe nisi autem voluptates quis placeat.;3
VIÑA EL TESORILLO;56988596074;Beatae magnam ullam placeat praesentium. Illo inventore aspernatur nobis.;21
VIÑA LAGARÍN BORNOS;56985090484;Dolor inventore vitae odio in quibusdam. Deserunt velit praesentium ipsum architecto atque. Fugit aliquid ad quam. Ipsum quibusdam minima recusandae sit.;16
VIÑA TRASHUMANTES LA;56950730688;Eius rem animi voluptatem accusantium. Dolor eveniet labore cum iusto quisquam.;30