aid,nombre,direccion,telefono
432,Destino Paraíso Astral Viajes,"Peatonal Sanches 184 Edif. 764 , Depto. 773",56988405799
388,Full Travesia De Vuelta al Mundo,"Corredor Otero 031 Edif. 263 , Depto. 796",56900207948
129,Vaya Viajes! Universo Turístico,"Viaducto Polonia 156 Edif. 577 , Depto. 151",56996727588
170,ViveGeo Nómada Tours,"Viaducto Noruega 322 Edif. 055 , Depto. 810",56986094682
302,Tu Pasaporte La Porte Bay,"Circuito Mireles 998 Edif. 830 , Depto. 657",56985895169
16,Aires Travel Tu Rumbo 360,"Privada Treviño 391 Edif. 463 , Depto. 090",56967224614
78,Ruta 86 Viajero Naútico,Calle Kenya 958 Interior 967,56978584845
304,Viaja Lejos Viaja Lejos,Privada Comoras 140 Interior 421,56976918756
153,Ruta 86 Alaspro,Peatonal Sudán del Sur 264 Interior 819,56982825887
437,En La Ruta Vuelta Total,Callejón Norte Escobar 734 385,56999144839
281,Travelmaniaco Mundo Imperial,"Retorno Jalisco 736 Edif. 719 , Depto. 072",56931139679
200,Tiempo de Viaje Expertus,"Calle Michoacán de Ocampo 899 Edif. 085 , Depto. 419",56908953270
255,Nova Adventure Alastrip,Continuación Yucatán 809 131,56961830763
410,Órbita Viajera Sol De Estrella,Privada Palomino 976 Interior 473,56935522499
250,Travelmaniaco Almeda Tours,Calle Sur Arredondo 232 855,56944338255
15,Viajes Cosmópolis D-Relax,Avenida Huerta 818 670,56918939911
472,Tu Rumbo 360 Qualá Viajes,"Privada Lituania 717 Edif. 693 , Depto. 807",56964164938
431,Viajero Itinerante Paso De Viaje,Corredor Senegal 752 038,56916753242
238,Neo Viajes De Vuelta al Mundo,Peatonal Norte Montalvo 917 351,56961085625
65,Novo Viajes Turisfront (Turismo sin fronteras),Viaducto Norte Soto 779 613,56918363449
45,Cero Limites La Nueva Ruta,Corredor Congo 174 186,56940908152
439,Supernova Mundo Imperial,Continuación Baja California 389 Interior 561,56933809944
308,Alastrip Viaje Rail,Peatonal Nayarit 696 470,56930474040
476,Full Travesia Exploramos Agencia de Viajes,Circunvalación de la Rosa 875 Interior 995,56954255027
391,Giro 360 Tu Rumbo 360,"Callejón Villarreal 811 Edif. 977 , Depto. 081",56939719961
203,Más Luna Qualá Viajes,Eje vial Tórrez 573 Interior 743,56920865336
242,Lánzate Viajes Dulce Viaje,"Calzada Reyna 611 Edif. 742 , Depto. 688",56991096700
450,Ruta 86 Full Travesia,Eje vial Sur Aguayo 848 749,56904192775
159,Mentawai Viaja para Contar,"Peatonal Norte Gutiérrez 267 Edif. 809 , Depto. 559",56945008219
490,Mundo Imperial Aires Travel,"Privada Norte Gil 967 Edif. 935 , Depto. 982",56939550201
44,Vuelta Total Qualá Viajes,Circuito Sevilla 080 Interior 687,56924737726
373,Ruta 86 Paraíso Global,Prolongación Briones 985 909,56983826840
209,Vaya Viajes! D-Relax,Continuación Norte Mercado 818 Interior 337,56905326664
121,Turisfront (Turismo sin fronteras) Neo Viajes,Diagonal Jordania 060 Interior 795,56904788645
328,De Vuelta al Mundo Giro 360,Cerrada Norte Gallegos 453 915,56984014184
288,Almeda Tours Qualá Viajes,"Andador Norte Mora 322 Edif. 225 , Depto. 154",56979504188
180,Vaya Viajes! Puesta de sol,"Corredor Quintanilla 704 Edif. 043 , Depto. 408",56995296208
66,Alaspro Travelmaniaco,Corredor Norte Llamas 859 954,56914914179
475,Viaja Lejos Aires Travel,Callejón Yemen 434 Interior 314,56966049880
470,Novo Viajes En La Ruta,Viaducto Jalisco 352 Interior 516,56917685771
140,D-Relax Turisfront (Turismo sin fronteras),"Peatonal Sarabia 734 Edif. 710 , Depto. 543",56912807017
151,Travelmaniaco Viaje Rail,Corredor Norte Hernández 819 174,56916677831
115,De vuelta al sol Órbita Viajera,"Circuito Querétaro 416 Edif. 262 , Depto. 672",56957991874
25,Planifica Tours Visión Viajera,Peatonal Uzbekistán 079 Interior 057,56958297026
447,Innovate Paso De Viaje,"Andador Distrito Federal 433 Edif. 305 , Depto. 376",56957827085
483,Universo Turístico Almeda Tours,"Andador Balderas 147 Edif. 080 , Depto. 264",56918519017
82,Viaja Lejos Novo Viajes,Viaducto Coahuila de Zaragoza 340 426,56953181259
52,Mundo Imperial Qualá Viajes,"Avenida Galindo 106 Edif. 082 , Depto. 754",56980244378
97,Alaspro Más Luna,Retorno Sur Cortés 758 354,56904605645
321,Almeda Tours Ruta 86,"Circuito Veracruz de Ignacio de la Llave 655 Edif. 815 , Depto. 801",56949365933
42,Mundo Explorador Nova Adventure,"Ampliación Norte Alba 551 Edif. 517 , Depto. 468",56940357054
272,Supernova Tourx,Corredor Arreola 603 Interior 897,56952667425
243,Órbita Viajera Dulce Viaje,Continuación Guerrero 328 Interior 971,56971751833
198,De vuelta al sol Almeda Tours,"Andador Laureano 558 Edif. 562 , Depto. 388",56988856302
326,Novo Viajes Rutas de Viaje,Boulevard Serbia 568 Interior 693,56970910754
396,Almeda Tours Tourx,Eje vial Michoacán de Ocampo 262 Interior 153,56945526751
264,Giro 360 Avanti Viajes,"Circuito Baja California 348 Edif. 412 , Depto. 639",56904234190
492,Ruta 100% Astral Viajes,"Pasaje Nauru 768 Edif. 634 , Depto. 834",56952582345
366,Tiempo de Viaje Nuevo Horizonte,Avenida Brasil 813 662,56907261922
33,La Nueva Ruta Rutas de Viaje,Periférico Sur Estévez 584 739,56930323358
37,Nómada Tours Travesía Viajera,Calzada Norte Luevano 609 846,56958103993
53,Viajes Lux Full Travesia,"Boulevard Sur de León 447 Edif. 447 , Depto. 315",56918183796
127,Aires Travel Puesta de sol,Corredor Madagascar 560 Interior 494,56977500055
409,Ruta 86 Novo Viajes,Prolongación República de Moldova 936 218,56908146659
229,Almeda Tours De Viaje en Viaje,Corredor Olivares 901 Interior 268,56972632928
256,Vuelta Total Travelmaniaco,"Diagonal Sur Sosa 117 Edif. 897 , Depto. 975",56991768149
160,Paraíso Global Novo Viajes,"Continuación Colima 960 Edif. 281 , Depto. 792",56948240153
375,Destino Pasaporte Innovate,Eje vial Villanueva 845 513,56938480460
125,Puesta de sol Mentawai,Prolongación El Salvador 337 Interior 249,56970992452
234,Planifica Tours Full Travesia,Pasaje Sur Aguilera 113 760,56965002475
273,Expertus Turisfront (Turismo sin fronteras),Periférico Tabasco 267 415,56945566412
221,Ontario Viajes Cero Limites,Avenida Angola 210 565,56937311540
394,Más Luna Viajero Itinerante,"Periférico Sur Tello 529 Edif. 552 , Depto. 807",56911376290
158,Turisfront (Turismo sin fronteras) Exploramos Agencia de Viajes,Retorno Norte Santana 003 517,56920891918
275,Tourx Expertus,Boulevard Norte Maya 144 581,56908704828
201,Punto de Partida Triport,Corredor Baja California Sur 915 119,56966556831
137,Más Luna Tourx,Diagonal Madrid 963 Interior 697,56994451926
434,Mentawai Nómada Tours,Calle Djibouti 647 Interior 701,56918167499
310,D-Relax Tu Rumbo 360,"Boulevard Matías 844 Edif. 292 , Depto. 623",56976064346
405,Almeda Tours Mundo Explorador,Viaducto Uganda 349 Interior 663,56974618677
12,Travelmaniaco Tiempo de Viaje,"Callejón Baja California 859 Edif. 292 , Depto. 881",56930853748
106,Tu Pasaporte Órbita Viajera,Cerrada España 048 490,56982888126
354,La Nueva Ruta Paraíso Global,Ampliación Arce 269 Interior 965,56966138176
36,Exploramos Agencia de Viajes Puesta de sol,Callejón Baja California 298 Interior 479,56902356001
241,Travelmaniaco Nómada Tours,"Circuito Sur Santillán 255 Edif. 924 , Depto. 019",56990765350
157,Ingenio Viajero Turisfront (Turismo sin fronteras),Continuación Sur Gómez 429 Interior 702,56950267449
176,Viajero Naútico Vaya Viajes!,"Periférico Sur Roque 988 Edif. 922 , Depto. 101",56929893910
89,Avanti Viajes Aires Travel,"Circunvalación Sur Posada 232 Edif. 179 , Depto. 519",56923880528
399,Travelmaniaco Astral Viajes,Periférico Michoacán de Ocampo 941 704,56948362278
262,De vuelta al sol Neo Viajes,Calzada Austria 579 Interior 170,56925520214
258,Innovate Vuelta Total,"Privada Norte Orosco 560 Edif. 407 , Depto. 514",56992724597
418,Expertus Supernova,Diagonal Sur Ocampo 752 Interior 695,56917496867
59,Supernova Ingenio Viajero,Viaducto Myanmar 100 Interior 491,56961318174
107,La Nueva Ruta Travesía Express,Corredor Santana 582 586,56946879891
340,Guía Travel Supernova,Continuación Sur Jáquez 519 210,56993461734
1,Paso De Viaje Triport,Calle Chiapas 140 Interior 013,56989651308
197,Alaspro La Nueva Ruta,"Periférico Niño 548 Edif. 121 , Depto. 710",56914102469
128,Innovate Nómada Tours,Peatonal Veracruz de Ignacio de la Llave 260 Interior 021,56968208172
177,Paso De Viaje De Viaje en Viaje,Calle Valladares 114 720,56943915060
113,Qualá Viajes Viajero Naútico,Diagonal Norte Oquendo 640 024,56968811621
178,Más Luna Neo Viajes,Continuación Kuwait 667 779,56900639723
120,Ruta 86 Vaya Viajes!,Calzada Carrión 560 Interior 724,56919010436
244,Innovate Guía Travel,Andador Sur Zelaya 423 710,56916305286
88,Exploramos Agencia de Viajes Triport,"Diagonal Morelos 486 Edif. 250 , Depto. 831",56917991223
101,Mundo Explorador Almeda Tours,"Cerrada República Democrática del Congo 722 Edif. 795 , Depto. 657",56921339149
462,Mapa Viajero Más Luna,Callejón Loya 322 013,56908136031
143,Viajes Lux Full Travesia,Calle Cantú 044 Interior 385,56909310847
194,Alastrip Ruta 86,"Boulevard Olmos 905 Edif. 724 , Depto. 170",56945783020
74,Sol De Estrella Aires Travel,"Periférico Rolón 373 Edif. 949 , Depto. 348",56978461396
232,Travelmaniaco Viajes Lux,"Circunvalación Michoacán de Ocampo 249 Edif. 978 , Depto. 475",56968576491
81,Exploramos Agencia de Viajes La Porte Bay,Calle Liechtenstein 813 Interior 006,56932851404
372,Expertus Viajes Lux,Privada Norte Adame 109 Interior 193,56974965029
353,Tourx Tu Pasaporte,"Calzada Suecia 098 Edif. 953 , Depto. 740",56977142271
261,Innovate Nova Adventure,"Corredor Kiribati 873 Edif. 792 , Depto. 898",56911973913
282,La Porte Bay ViveGeo,Retorno Hidalgo 799 619,56935720024
389,Almeda Tours Planifica Tours,Privada Varela 909 528,56971442028
148,Ontario Viajes Destino Pasaporte,Avenida Peña 576 172,56977443994
376,Tiempo de Viaje Full Travesia,Calle Villa 421 711,56993370838
334,Punto de Partida Tiempo de Viaje,Circuito Filipinas 406 Interior 162,56983889866
291,Mundo Imperial Exploramos Agencia de Viajes,"Callejón Sur Otero 461 Edif. 029 , Depto. 254",56947440967
473,Almeda Tours Viajero Naútico,Calle Iglesias 876 187,56902319054
444,Lánzate Viajes Guía Travel,Ampliación Tamez 675 779,56968776564
211,Puesta de sol Visión Viajera,"Continuación Djibouti 139 Edif. 593 , Depto. 991",56985512595
441,Mundo Explorador Nuevo Horizonte,Peatonal Pakistán 289 339,56909451220
54,Visión Viajera De Vuelta al Mundo,Viaducto Sur Palomino 126 288,56910168386
8,Viaja para Contar Puesta de sol,Prolongación Bahrein 382 Interior 255,56932702159
383,Ingenio Viajero Lánzate Viajes,Diagonal República Checa 670 566,56907959775
350,Innovate La Porte Bay,Boulevard Mascareñas 536 202,56925093480
280,Alastrip Puesta de sol,Avenida Rojas 849 539,56997930578
102,Viajes Lux Destino Paraíso,"Privada Iraq 453 Edif. 631 , Depto. 617",56976052930
337,En La Ruta Viajero Naútico,"Avenida Norte Pizarro 644 Edif. 920 , Depto. 210",56952059382
299,Viajes Lux Travesía Express,Andador Nauru 702 427,56935612167
385,Exploramos Agencia de Viajes Viaje Rail,Callejón Chiapas 481 Interior 578,56974406705
253,Travelmaniaco D-Relax,Calzada Sur Solorzano 875 Interior 604,56938693044
479,Dulce Viaje Universo Turístico,Circunvalación Oaxaca 303 132,56917692163
449,Tu Pasaporte Punto de Partida,Andador Sur Ulibarri 200 009,56940424280
347,En La Ruta Mundo Imperial,Continuación Robles 749 Interior 402,56939439104
307,Expertus De Vuelta al Mundo,Cerrada Sudáfrica 105 396,56981694837
305,Exploramos Agencia de Viajes Giro 360,"Circunvalación Quintana Roo 531 Edif. 484 , Depto. 029",56918196969
109,De Viaje en Viaje Vuelta Total,Boulevard Tamaulipas 227 744,56923508045
290,Tourx Full Travesia,"Cerrada Sur Garza 334 Edif. 640 , Depto. 807",56901215625
487,Dulce Viaje Triport,Continuación Prado 750 Interior 410,56933933597
368,Ontario Viajes Viajero Itinerante,Circuito Colima 196 Interior 149,56971324805
228,Más Luna Destino Paraíso,Calzada Bonilla 557 Interior 575,56945928977
270,En La Ruta Almeda Tours,Avenida Yemen 619 132,56949672471
6,Vive Ahora Exploramos Agencia de Viajes,Cerrada Nuevo León 513 897,56909240031
381,Exploramos Agencia de Viajes Expertus,"Ampliación Niger 012 Edif. 891 , Depto. 529",56956013096
433,Viaje Rail Exploramos Agencia de Viajes,"Viaducto Lituania 257 Edif. 077 , Depto. 411",56950848735
467,Supernova Supernova,"Pasaje Báez 473 Edif. 958 , Depto. 682",56933342037
488,Rutas de Viaje Viajero Itinerante,Avenida Veracruz de Ignacio de la Llave 878 Interior 003,56977973553
430,Guía Travel Cero Limites,Peatonal Sur Hidalgo 425 394,56964760671
165,En La Ruta Puesta de sol,Prolongación Loera 019 962,56952813056
136,Vive Ahora Tourx,Prolongación Mayorga 514 Interior 007,56924366133
440,Guía Travel Mundo Explorador,Calzada Sarabia 527 Interior 733,56957866081
173,Ruta 100% Paraíso Global,Ampliación Rwanda 659 708,56957600738
329,ViveGeo Vive Ahora,Cerrada Sur Granado 077 616,56972277870
387,Viaja para Contar Punto de Partida,"Cerrada Estonia 384 Edif. 504 , Depto. 533",56935719333
86,Neo Viajes Viajes Lux,Corredor Chihuahua 388 150,56951014075
358,Tiempo de Viaje Mundo Imperial,"Eje vial Veracruz de Ignacio de la Llave 851 Edif. 845 , Depto. 878",56907693655
134,ViveGeo Órbita Viajera,Calzada Tamaulipas 837 886,56988660268
469,Punto de Partida Mentawai,"Avenida Norte Salgado 522 Edif. 262 , Depto. 034",56987772704
424,Travesía Viajera Full Travesia,Circunvalación Sur Vargas 300 Interior 168,56908625976
34,Viaja para Contar Tu Pasaporte,"Corredor Olvera 010 Edif. 539 , Depto. 639",56971207769
380,Sol De Estrella Exploramos Agencia de Viajes,Cerrada Puebla 355 Interior 036,56970355632
393,De Vuelta al Mundo Travelmaniaco,"Andador Morelos 206 Edif. 268 , Depto. 931",56911063712
278,Travesía Express Ingenio Viajero,"Peatonal Durango 133 Edif. 405 , Depto. 142",56942375709
361,Travesía Viajera Travelmaniaco,Prolongación Berríos 373 Interior 946,56911148647
422,Full Travesia En La Ruta,"Retorno Puebla 812 Edif. 839 , Depto. 195",56943763371
493,Turisfront (Turismo sin fronteras) Destino Pasaporte,Calle Espinosa 866 Interior 356,56914375788
118,En La Ruta Travesía Express,"Avenida Puente 296 Edif. 717 , Depto. 406",56947297365
13,Planifica Tours Exploramos Agencia de Viajes,Peatonal Oaxaca 110 Interior 044,56985471526
448,Visión Viajera De vuelta al sol,Andador Tamaulipas 701 937,56960031967
79,Alastrip Full Travesia,"Periférico Zamora 754 Edif. 065 , Depto. 633",56911494339
257,Vive Ahora Viajes Lux,Viaducto Norte Caballero 614 Interior 291,56966665582
452,Destino Pasaporte Avanti Viajes,Circunvalación Libia 604 Interior 209,56907844303
246,Novo Viajes Novo Viajes,Callejón Reino Unido de Gran Bretaña e Irlanda del Norte 610 Interior 346,56967599652
67,Turisfront (Turismo sin fronteras) Tu Pasaporte,"Peatonal Norte Orta 947 Edif. 531 , Depto. 541",56945648379
35,Alaspro Mundo Imperial,Calzada Jalisco 465 Interior 974,56932429687
378,Nómada Tours Planifica Tours,"Circuito Santana 205 Edif. 179 , Depto. 651",56910077815
223,De vuelta al sol Innovate,Retorno Sinaloa 422 Interior 394,56916855768
216,Nuevo Horizonte La Porte Bay,Circunvalación México 975 271,56968667968
226,Viaja Lejos Planifica Tours,"Calle Aguascalientes 164 Edif. 555 , Depto. 402",56925162841
414,Destino Pasaporte Sol De Estrella,Corredor Norte Rosado 383 Interior 025,56954748240
152,Qualá Viajes Mundo Imperial,Privada Sur Duarte 620 Interior 724,56971462388
50,Travesía Viajera Órbita Viajera,Privada Suriname 154 Interior 866,56920730350
110,Viajero Naútico Novo Viajes,Viaducto Estonia 096 530,56964350293
239,ViveGeo Mentawai,"Callejón Prieto 050 Edif. 627 , Depto. 243",56949204768
478,Turisfront (Turismo sin fronteras) En La Ruta,Retorno Sur Espinosa 339 821,56945666733
38,Novo Viajes Expertus,Circunvalación Zimbabwe 145 038,56953046345
407,Ruta 100% Nómada Tours,"Diagonal Durango 317 Edif. 581 , Depto. 108",56927374174
124,Vive Ahora Viaje Rail,"Continuación Yucatán 310 Edif. 838 , Depto. 738",56971828912
18,Viaja para Contar Almeda Tours,Retorno México 044 075,56982390812
147,Mentawai Triport,Prolongación Yucatán 689 Interior 905,56973916655
206,Tiempo de Viaje La Nueva Ruta,Privada Zavala 722 Interior 550,56950764694
77,Nuevo Horizonte Travelmaniaco,Continuación Angola 514 Interior 800,56950724499
96,ViveGeo Viajes Lux,Retorno Bulgaria 677 Interior 116,56951828170
193,Lánzate Viajes Exploramos Agencia de Viajes,"Andador Yucatán 992 Edif. 286 , Depto. 860",56933841577
456,Mapa Viajero Vive Ahora,Boulevard Eslovenia 422 Interior 592,56907886768
230,Sol De Estrella Vaya Viajes!,"Retorno Estrada 489 Edif. 837 , Depto. 676",56924285150
31,Giro 360 Ruta 86,"Cerrada Norte Tovar 003 Edif. 864 , Depto. 430",56980728009
363,La Porte Bay D-Relax,Continuación Querétaro 061 925,56946227845
245,Dulce Viaje Travesía Viajera,"Circuito Sur Aguilar 689 Edif. 715 , Depto. 280",56915821587
419,Viajes Cosmópolis De Vuelta al Mundo,"Diagonal Trinidad y Tabago 383 Edif. 040 , Depto. 714",56920551386
21,Sol De Estrella Vive Ahora,Boulevard Norte Viera 383 Interior 516,56988438221
224,D-Relax Exploramos Agencia de Viajes,Prolongación Zambia 280 704,56955531375
428,Viajes Cosmópolis Paso De Viaje,Eje vial Uzbekistán 876 721,56990822449
68,La Porte Bay Sol De Estrella,"Cerrada Sur Alcántar 973 Edif. 540 , Depto. 501",56910329144
7,Órbita Viajera Ruta 86,Calle Norte Tello 176 Interior 218,56951519804
76,Alaspro D-Relax,Calzada Meraz 742 Interior 864,56976223056
445,Lánzate Viajes Más Luna,Avenida Sur Padrón 618 Interior 322,56934472658
397,Más Luna Travesía Express,Diagonal Croacia 700 446,56916904945
458,D-Relax Vive Ahora,"Ampliación República Checa 819 Edif. 955 , Depto. 142",56920449151
416,Planifica Tours Más Luna,Calle Solorzano 007 Interior 602,56943521642
84,Dulce Viaje Ingenio Viajero,Privada Norte Garibay 356 Interior 881,56985519157
28,Giro 360 ViveGeo,Calzada Puebla 633 Interior 874,56952728851
265,Giro 360 Guía Travel,"Cerrada Andorra 305 Edif. 867 , Depto. 471",56901208695
130,Planifica Tours Paraíso Global,Circuito Medrano 325 Interior 418,56917615996
390,De vuelta al sol Destino Paraíso,"Calle Guanajuato 177 Edif. 681 , Depto. 751",56990787462
496,Giro 360 Punto de Partida,Avenida Querétaro 316 Interior 926,56944363345
98,Vuelta Total Nuevo Horizonte,"Privada Nuevo León 496 Edif. 266 , Depto. 861",56938552706
377,Tu Pasaporte Guía Travel,Corredor Briones 550 Interior 969,56941685845
339,Nómada Tours Nómada Tours,"Ampliación Antigua y Barbuda 381 Edif. 059 , Depto. 252",56950492448
297,Tourx Triport,Diagonal Durango 273 504,56957318474
48,Ruta 100% Triport,Diagonal Carranza 031 Interior 996,56976599800
196,Nova Adventure Travesía Express,"Periférico Luxemburgo 434 Edif. 899 , Depto. 686",56936995948
402,Cero Limites La Nueva Ruta,Calzada Michoacán de Ocampo 070 402,56932214690
471,Nómada Tours Alaspro,"Viaducto Sur Villarreal 889 Edif. 453 , Depto. 708",56941660171
139,En La Ruta Cero Limites,"Cerrada Morelos 461 Edif. 037 , Depto. 292",56937208558
62,Lánzate Viajes En La Ruta,Cerrada Argentina 862 608,56993224760
401,Tu Pasaporte Avanti Viajes,"Prolongación México 554 Edif. 026 , Depto. 037",56918024680
189,Alaspro Cero Limites,Viaducto Sur Baeza 937 Interior 211,56977466498
451,Alastrip Órbita Viajera,"Eje vial Blanco 515 Edif. 973 , Depto. 066",56914946126
367,Mundo Explorador De Vuelta al Mundo,Diagonal Tlaxcala 781 266,56990710250
56,Viajes Cosmópolis Nuevo Horizonte,Circuito Ulibarri 089 251,56931825388
482,Más Luna Viaja para Contar,Diagonal Norte Mora 022 798,56965619201
252,Sol De Estrella Aires Travel,Continuación Oaxaca 430 754,56969892556
294,Vaya Viajes! Innovate,Peatonal Norte Galván 225 164,56941187109
214,D-Relax La Porte Bay,Calle Sur Camarillo 955 Interior 056,56970321576
271,Destino Pasaporte Vuelta Total,Ampliación Turquía 237 671,56975497289
360,ViveGeo De Vuelta al Mundo,Privada República de Moldova 039 612,56970942993
204,Exploramos Agencia de Viajes Mundo Imperial,"Continuación Finlandia 199 Edif. 272 , Depto. 606",56969021640
26,Viaja para Contar Aires Travel,Cerrada Rivas 051 918,56909891517
227,Más Luna Tu Pasaporte,"Andador Laureano 771 Edif. 677 , Depto. 032",56971055933
111,Lánzate Viajes La Porte Bay,"Diagonal Sinaloa 332 Edif. 856 , Depto. 885",56970628584
190,Giro 360 Triport,Corredor Norte Merino 594 Interior 305,56905897801
119,Viajero Itinerante Alastrip,"Corredor Sinaloa 372 Edif. 185 , Depto. 218",56945331873
182,D-Relax De Viaje en Viaje,Privada Sur Tamez 723 205,56995153719
386,Supernova De Vuelta al Mundo,"Eje vial Norte Ruelas 661 Edif. 101 , Depto. 663",56976059920
359,Mapa Viajero Viaja Lejos,Retorno Gurule 433 Interior 180,56915379993
333,Tourx Mapa Viajero,Diagonal Sur Archuleta 643 686,56949337486
192,Almeda Tours Mapa Viajero,Callejón Alfaro 909 984,56910755254
30,Full Travesia Nova Adventure,Retorno Dávila 751 784,56981553783
93,Aires Travel ViveGeo,"Andador Hidalgo 393 Edif. 525 , Depto. 801",56982374628
425,Viajero Itinerante Paso De Viaje,"Cerrada Miramontes 106 Edif. 575 , Depto. 619",56989958179
150,Lánzate Viajes Alastrip,Boulevard Burgos 255 100,56956082193
99,Ingenio Viajero Cero Limites,"Corredor Nájera 382 Edif. 787 , Depto. 614",56988597036
406,Nómada Tours Tu Rumbo 360,Boulevard Nuevo León 594 Interior 854,56949070108
283,Nova Adventure Mapa Viajero,Continuación Marruecos 886 511,56907038282
100,Turisfront (Turismo sin fronteras) Tu Pasaporte,Calzada Norte Figueroa 495 Interior 833,56956827575
455,Aires Travel Neo Viajes,Pasaje Malasia 402 Interior 037,56935055100
202,Giro 360 Nova Adventure,"Retorno Benin 033 Edif. 803 , Depto. 948",56953991994
3,Paraíso Global Destino Pasaporte,"Cerrada Baja California Sur 915 Edif. 376 , Depto. 284",56911293190
463,Ruta 100% Mundo Imperial,"Diagonal Estados Unidos de América 546 Edif. 576 , Depto. 612",56972731402
186,Nómada Tours Paso De Viaje,"Pasaje Chiapas 616 Edif. 174 , Depto. 289",56908806844
72,Innovate Astral Viajes,Boulevard Puebla 419 501,56930876187
453,Viajes Cosmópolis Viajes Cosmópolis,Peatonal Namibia 735 950,56980434734
266,Mundo Explorador Planifica Tours,Ampliación Vélez 723 Interior 580,56923574116
346,Viaja Lejos Nómada Tours,Andador Sur de la Rosa 400 Interior 324,56929967324
112,Alastrip Punto de Partida,Pasaje Salcido 466 Interior 836,56979282789
351,Ontario Viajes Ingenio Viajero,Corredor Nuevo León 503 Interior 592,56941739273
263,Ruta 100% Tu Rumbo 360,Pasaje Norte Bonilla 963 Interior 050,56908283172
83,Vive Ahora Tu Rumbo 360,Circunvalación Durango 041 033,56999969361
19,Alaspro Nuevo Horizonte,Ampliación Jalisco 179 Interior 427,56969889504
105,Alastrip Rutas de Viaje,Ampliación Zacatecas 294 370,56947214654
392,La Nueva Ruta Giro 360,Circuito Qatar 589 Interior 536,56966857730
184,Astral Viajes Viajero Itinerante,Peatonal Liberia 164 018,56908286402
58,Turisfront (Turismo sin fronteras) Exploramos Agencia de Viajes,"Andador Escobedo 018 Edif. 949 , Depto. 982",56911996627
480,Alastrip Vaya Viajes!,Cerrada Norte Rentería 929 906,56994877296
94,Qualá Viajes En La Ruta,"Callejón Norte Montenegro 892 Edif. 996 , Depto. 559",56920891836
114,Exploramos Agencia de Viajes Guía Travel,"Eje vial Norte Villegas 852 Edif. 915 , Depto. 614",56993095822
420,Lánzate Viajes Vive Ahora,Cerrada Santillán 922 261,56944611142
70,Destino Paraíso Lánzate Viajes,"Callejón República Centroafricana 715 Edif. 297 , Depto. 891",56910320267
146,Paso De Viaje Aires Travel,Calle Norte Bahena 699 359,56918258911
10,Órbita Viajera Universo Turístico,Retorno República Popular Democrática de Corea 478 045,56913103657
457,Puesta de sol Órbita Viajera,"Avenida Campeche 333 Edif. 544 , Depto. 726",56972550727
317,Viaja Lejos Mapa Viajero,Eje vial Solís 589 365,56947514876
338,Tiempo de Viaje De Vuelta al Mundo,"Callejón Eslovaquia 177 Edif. 733 , Depto. 919",56945282032
95,Alastrip Travesía Express,Privada Lituania 561 Interior 012,56923150026
20,De Viaje en Viaje Travesía Express,"Periférico República Democrática del Congo 061 Edif. 975 , Depto. 885",56912858311
9,De Viaje en Viaje Cero Limites,Prolongación Distrito Federal 678 Interior 830,56920748724
446,Guía Travel Nova Adventure,Circuito Castañeda 413 648,56933115714
269,Astral Viajes Expertus,"Privada Baja California Sur 970 Edif. 508 , Depto. 417",56907251518
103,Alaspro Viajes Lux,Eje vial Norte Feliciano 620 765,56926725820
212,Travelmaniaco Neo Viajes,Peatonal Nuevo León 812 760,56941342232
411,Tiempo de Viaje Nova Adventure,"Periférico Norte Ojeda 914 Edif. 022 , Depto. 336",56942502712
254,Dulce Viaje Travesía Viajera,Diagonal Michoacán de Ocampo 679 Interior 036,56989724383
85,Rutas de Viaje Viajes Cosmópolis,Ampliación Zacatecas 658 416,56981037420
356,Paso De Viaje D-Relax,"Circuito Colima 640 Edif. 149 , Depto. 220",56913744385
370,Visión Viajera Punto de Partida,"Calle Sur Brito 024 Edif. 858 , Depto. 838",56920200576
122,Viajes Cosmópolis Travelmaniaco,"Boulevard Líbano 107 Edif. 584 , Depto. 208",56910370837
491,Viajero Naútico Travelmaniaco,"Viaducto Yáñez 610 Edif. 151 , Depto. 043",56924841808
162,Vuelta Total Guía Travel,Prolongación Montenegro 782 Interior 189,56949448334
374,Tu Rumbo 360 Mundo Explorador,Peatonal Quintana Roo 282 857,56991434711
104,Viaja para Contar Mundo Imperial,Calzada Sur Roldán 992 Interior 256,56911859608
23,Vuelta Total Guía Travel,"Corredor Baja California Sur 603 Edif. 126 , Depto. 813",56922611626
144,Viajes Lux Triport,Callejón Trejo 622 Interior 474,56939555553
379,Ruta 100% Vaya Viajes!,"Calle Norte Reyes 619 Edif. 453 , Depto. 066",56911026655
141,Destino Pasaporte Travesía Express,Corredor Panamá 673 Interior 630,56981824044
355,Universo Turístico Triport,Callejón Baja California Sur 891 Interior 883,56959850970
155,Avanti Viajes Alaspro,Continuación Norte Mireles 790 Interior 971,56939869544
126,Sol De Estrella Mundo Imperial,Eje vial Laboy 967 950,56975213775
64,Sol De Estrella Más Luna,Privada Puebla 761 506,56992355116
133,Neo Viajes La Porte Bay,"Corredor Sur Véliz 460 Edif. 427 , Depto. 529",56994639784
443,Turisfront (Turismo sin fronteras) Punto de Partida,Circunvalación Cabrera 749 Interior 524,56962566205
435,Qualá Viajes Novo Viajes,Pasaje Pérez 047 Interior 111,56982243389
454,Viajes Cosmópolis Planifica Tours,Corredor Nuevo León 265 143,56920128665
80,Aires Travel Tu Pasaporte,Ampliación Ibarra 719 465,56946912335
365,Guía Travel Nova Adventure,Periférico Vanegas 493 169,56923493427
267,Destino Pasaporte Puesta de sol,Prolongación Veracruz de Ignacio de la Llave 822 Interior 980,56903787287
498,Planifica Tours Viajes Cosmópolis,"Callejón Baja California Sur 428 Edif. 322 , Depto. 028",56985378748
331,Planifica Tours Tu Pasaporte,Continuación Armendáriz 025 Interior 633,56901921953
292,Viaja Lejos Full Travesia,Avenida Sur Rodrígez 574 357,56934063113
195,Astral Viajes Tiempo de Viaje,Callejón Veracruz de Ignacio de la Llave 905 Interior 248,56953275036
461,Viaja para Contar Paraíso Global,Viaducto Nuevo León 946 Interior 420,56909118621
260,Mundo Explorador Cero Limites,Boulevard Norte Marrero 451 693,56988305962
486,Giro 360 Tourx,"Ampliación Vera 816 Edif. 013 , Depto. 544",56943031562
63,Mundo Explorador Alaspro,Viaducto Filipinas 452 Interior 085,56919681679
4,De vuelta al sol La Nueva Ruta,Callejón Afganistán 993 655,56976163184
259,Travelmaniaco De Viaje en Viaje,"Avenida Swazilandia 894 Edif. 003 , Depto. 530",56941856566
286,Destino Pasaporte Nuevo Horizonte,Diagonal Girón 640 827,56921706454
135,Viajes Lux La Porte Bay,Retorno Noruega 188 072,56994954345
5,Viaje Rail Travesía Viajera,Cerrada Sur Rivero 851 Interior 208,56918712021
17,Turisfront (Turismo sin fronteras) Supernova,Callejón Sur Benavides 821 Interior 721,56936755380
167,Mundo Explorador Aires Travel,Peatonal Norte Yáñez 996 179,56969227595
145,Nova Adventure Qualá Viajes,Prolongación Yucatán 036 396,56920753047
301,Supernova Avanti Viajes,"Eje vial Chiapas 932 Edif. 523 , Depto. 548",56962425585
404,Vuelta Total Lánzate Viajes,Peatonal Benavídez 848 978,56937646743
156,Punto de Partida Innovate,"Eje vial Sinaloa 488 Edif. 237 , Depto. 621",56924282995
408,Lánzate Viajes Ruta 100%,"Corredor Irlanda 791 Edif. 080 , Depto. 430",56908105431
415,Travesía Viajera Mapa Viajero,"Andador Norte Mayorga 304 Edif. 584 , Depto. 062",56943095058
92,Viaja para Contar Ruta 86,"Circunvalación Sur Montes 647 Edif. 076 , Depto. 017",56969048130
274,Destino Paraíso Giro 360,"Eje vial Brunei Darussalam 476 Edif. 708 , Depto. 754",56939534254
131,La Porte Bay Viajero Naútico,Periférico Liberia 924 975,56961539024
460,Viaja para Contar Planifica Tours,Corredor Sur Granados 971 Interior 033,56989320383
248,Full Travesia Travesía Viajera,Cerrada Togo 652 Interior 258,56970110159
268,Avanti Viajes Vaya Viajes!,Circuito Tabasco 196 Interior 429,56913264238
495,Travelmaniaco Alaspro,Corredor Querétaro 796 236,56965063107
284,De Viaje en Viaje De Vuelta al Mundo,"Viaducto Esquivel 734 Edif. 371 , Depto. 186",56937598723
315,Viaje Rail Destino Pasaporte,"Diagonal Túnez 624 Edif. 285 , Depto. 817",56957321254
436,Vive Ahora Ontario Viajes,Periférico Norte Montoya 980 585,56929726199
276,Ontario Viajes Visión Viajera,Ampliación Norte Arriaga 391 112,56966453932
438,Viajes Cosmópolis Tu Pasaporte,"Continuación Suriname 692 Edif. 190 , Depto. 723",56997981437
330,Paraíso Global Cero Limites,Viaducto García 648 588,56906607327
314,Mentawai La Porte Bay,Callejón Sur Romo 739 Interior 120,56921995810
90,Universo Turístico Rutas de Viaje,"Andador Estrada 940 Edif. 155 , Depto. 375",56973407389
163,Almeda Tours Paso De Viaje,Boulevard Liberia 590 075,56915187874
395,Ruta 100% Aires Travel,"Cerrada Gamez 879 Edif. 732 , Depto. 659",56973019940
323,Puesta de sol Rutas de Viaje,"Ampliación Sur Pedroza 663 Edif. 842 , Depto. 068",56991561255
322,Planifica Tours Nuevo Horizonte,"Circuito Bhután 409 Edif. 372 , Depto. 708",56967753286
172,Ruta 86 Innovate,Cerrada Portillo 735 153,56984239445
175,Travesía Viajera ViveGeo,"Andador Acevedo 789 Edif. 273 , Depto. 858",56973456520
27,Tiempo de Viaje Paraíso Global,"Circuito Veracruz de Ignacio de la Llave 053 Edif. 269 , Depto. 295",56991063078
73,Lánzate Viajes Tourx,Periférico Luxemburgo 471 Interior 870,56974551385
287,Viaja Lejos D-Relax,Calle Islandia 225 263,56960581687
161,Órbita Viajera Sol De Estrella,"Corredor Sur Velasco 849 Edif. 001 , Depto. 221",56904006592
132,Destino Paraíso Más Luna,Circunvalación Norte Lira 379 Interior 196,56912671289
249,Puesta de sol Viajero Itinerante,Circunvalación Bosnia y Herzegovina 556 Interior 164,56928249321
187,Travesía Express Almeda Tours,"Calzada Oaxaca 814 Edif. 060 , Depto. 209",56939741239
332,Vuelta Total Viajero Naútico,"Corredor México 683 Edif. 760 , Depto. 302",56921811949
348,Travesía Viajera Full Travesia,"Periférico Libia 804 Edif. 385 , Depto. 831",56999015923
344,Visión Viajera Ontario Viajes,Periférico China 591 Interior 122,56977911269
429,Vive Ahora Universo Turístico,Circuito Etiopía 429 Interior 042,56956664221
57,Lánzate Viajes Viaja para Contar,Viaducto Veracruz de Ignacio de la Llave 912 902,56928671409
11,Neo Viajes Tourx,Boulevard Ceja 000 821,56987979687
219,Vaya Viajes! Lánzate Viajes,Circunvalación Cortez 114 Interior 157,56908559486
208,Nova Adventure Vuelta Total,Corredor Micronesia 770 645,56917078030
324,Puesta de sol Viaja para Contar,"Callejón Vega 193 Edif. 644 , Depto. 603",56957751475
426,Paso De Viaje Astral Viajes,"Circunvalación Sur Alonso 183 Edif. 046 , Depto. 284",56939110169
303,Qualá Viajes La Nueva Ruta,Eje vial Alemán 303 067,56934079340
427,Vuelta Total Travesía Viajera,Circuito Guevara 042 Interior 104,56916649128
345,Exploramos Agencia de Viajes Supernova,Circuito Lebrón 097 Interior 450,56931889493
423,Paraíso Global Paso De Viaje,"Retorno Sur Rosado 741 Edif. 100 , Depto. 190",56908700812
465,Mentawai Viaja para Contar,"Andador Lerma 171 Edif. 611 , Depto. 820",56931367920
499,Alastrip Planifica Tours,"Cerrada Sur Contreras 316 Edif. 610 , Depto. 545",56978519493
400,De Vuelta al Mundo Tu Pasaporte,"Callejón Michoacán de Ocampo 776 Edif. 007 , Depto. 555",56957164695
336,Tiempo de Viaje Exploramos Agencia de Viajes,"Prolongación Distrito Federal 616 Edif. 834 , Depto. 521",56917445306
481,Vuelta Total Viajes Lux,Cerrada Norte Ortega 379 458,56964694551
341,Travesía Viajera Vuelta Total,Calle Hidalgo 455 Interior 958,56960954058
364,Más Luna Vive Ahora,Andador Querétaro 241 Interior 550,56911680907
313,Viaja para Contar Avanti Viajes,"Boulevard Honduras 434 Edif. 005 , Depto. 244",56927768035
327,Universo Turístico Avanti Viajes,Cerrada Norte Tirado 881 Interior 913,56992031317
39,Mundo Explorador Tu Rumbo 360,"Corredor Canadá 912 Edif. 180 , Depto. 037",56988343486
293,Viajero Naútico Giro 360,Continuación República Popular Democrática de Corea 266 430,56979092363
183,Novo Viajes Travesía Express,Boulevard Norte Roldán 773 Interior 573,56943231097
0,Viajes Cosmópolis Cero Limites,Avenida Sonora 556 Interior 831,56965034554
24,Destino Pasaporte Expertus,Calzada Tafoya 215 614,56941888069
371,Alastrip Paso De Viaje,"Periférico Noruega 669 Edif. 737 , Depto. 497",56969948712
222,En La Ruta Turisfront (Turismo sin fronteras),Circunvalación Colima 217 Interior 662,56936039195
32,Dulce Viaje Viajes Cosmópolis,Diagonal Arellano 685 Interior 946,56984336063
46,Aires Travel En La Ruta,Callejón Norte Olivares 295 983,56922982529
403,De Viaje en Viaje Astral Viajes,Corredor Norte Zapata 916 Interior 935,56929621637
442,Viaja Lejos Supernova,Retorno Armendáriz 798 681,56920763815
484,Planifica Tours Vive Ahora,Boulevard Sur Cadena 515 139,56911808621
213,Exploramos Agencia de Viajes Sol De Estrella,Andador Nuevo León 219 Interior 393,56912423527
398,Tu Pasaporte Neo Viajes,Boulevard Oaxaca 559 297,56995510825
205,Vuelta Total Cero Limites,"Viaducto Omán 101 Edif. 297 , Depto. 763",56965827417
325,Qualá Viajes La Porte Bay,Eje vial Prieto 201 593,56935123603
2,Vuelta Total Lánzate Viajes,"Eje vial Tlaxcala 487 Edif. 075 , Depto. 837",56955249761
123,ViveGeo Rutas de Viaje,Calzada Aguascalientes 752 Interior 043,56983175712
352,Viajero Naútico Puesta de sol,Continuación Guerrero 270 Interior 999,56972324608
468,Triport Ruta 86,Avenida Casillas 283 Interior 710,56979363804
289,Tourx Visión Viajera,Continuación ex República Yugoslava de Macedonia 264 024,56927748613
237,Más Luna Dulce Viaje,Diagonal Norte Aguilera 336 Interior 283,56933068121
69,Giro 360 Triport,Corredor Papua Nueva Guinea 086 408,56989660029
306,Giro 360 Ruta 100%,Continuación Turquía 069 228,56949228934
318,Travesía Express Mundo Imperial,Pasaje Tabasco 003 063,56909763765
382,Qualá Viajes Neo Viajes,"Pasaje Norte Meléndez 084 Edif. 708 , Depto. 932",56958058022
413,Viajero Naútico Alaspro,Calzada Nayarit 154 Interior 233,56995163022
384,Ruta 100% Mentawai,Cerrada Benítez 080 718,56949423020
61,Destino Paraíso Almeda Tours,Diagonal Cazares 900 Interior 168,56914532721
91,Viajes Lux Exploramos Agencia de Viajes,Circuito Afganistán 320 258,56914478871
49,Vaya Viajes! Full Travesia,Circuito Rendón 462 840,56905538368
220,Paso De Viaje Sol De Estrella,Viaducto Zacatecas 555 Interior 047,56914346476
179,Viajes Lux Tu Pasaporte,"Privada Lituania 916 Edif. 796 , Depto. 878",56939491169
87,Ontario Viajes La Nueva Ruta,"Viaducto Sur Ávila 209 Edif. 492 , Depto. 872",56922331902
22,Ruta 100% Full Travesia,Callejón Norte de la Crúz 737 Interior 427,56990702247
342,Almeda Tours Rutas de Viaje,"Periférico San Luis Potosí 544 Edif. 314 , Depto. 034",56906589378
116,Avanti Viajes D-Relax,Calzada Norte Llamas 219 769,56903695773
421,Mapa Viajero Exploramos Agencia de Viajes,Avenida Norte Herrera 762 401,56902586581
185,Exploramos Agencia de Viajes Innovate,"Calle Olivares 651 Edif. 699 , Depto. 836",56958594173
41,Travelmaniaco Supernova,"Circuito Montero 237 Edif. 010 , Depto. 547",56963826572
199,La Porte Bay Vaya Viajes!,Circuito Norte Zedillo 898 583,56968467122
474,D-Relax Innovate,Calle Meza 450 Interior 526,56985079278
349,De Viaje en Viaje Nova Adventure,"Prolongación Hernández 283 Edif. 661 , Depto. 229",56963881955
166,De Vuelta al Mundo Tourx,"Periférico República de Corea 500 Edif. 875 , Depto. 160",56926522400
174,Neo Viajes Visión Viajera,"Avenida Dinamarca 742 Edif. 301 , Depto. 305",56952077715
464,Giro 360 Nova Adventure,Boulevard Baeza 406 429,56927380814
108,Avanti Viajes Aires Travel,Corredor Morelos 782 Interior 501,56929301857
207,Destino Pasaporte Punto de Partida,Callejón Olivas 884 097,56990087688
51,De Viaje en Viaje Vive Ahora,Retorno Varela 951 893,56904471647
233,Triport De vuelta al sol,"Circuito Sur Escalante 443 Edif. 413 , Depto. 066",56960362362
417,Turisfront (Turismo sin fronteras) Destino Pasaporte,Ampliación Vigil 873 535,56974630681
296,Destino Pasaporte Ontario Viajes,Boulevard Sur Iglesias 713 555,56979342221
154,Nova Adventure Cero Limites,Diagonal Herrera 496 Interior 148,56957520173
142,Puesta de sol Destino Pasaporte,"Diagonal Etiopía 555 Edif. 678 , Depto. 671",56992453069
247,Guía Travel Viaje Rail,Corredor Afganistán 015 Interior 070,56917211999
236,Qualá Viajes Guía Travel,Cerrada México 006 111,56921853198
191,Nova Adventure Travesía Express,"Andador Norte Gallardo 895 Edif. 210 , Depto. 038",56974055291
217,Supernova Ingenio Viajero,"Peatonal Menchaca 951 Edif. 163 , Depto. 067",56965094647
55,Rutas de Viaje Triport,Viaducto México 639 Interior 974,56908988622
494,Guía Travel Dulce Viaje,Ampliación Norte Saiz 403 Interior 492,56966848705
312,Tu Rumbo 360 Travesía Viajera,Boulevard Norte Monroy 038 Interior 011,56926552662
497,Neo Viajes Visión Viajera,"Corredor Tuvalu 397 Edif. 374 , Depto. 614",56985237768
300,Guía Travel Triport,Circunvalación Sauceda 755 171,56992728005
277,Vuelta Total Paso De Viaje,Privada Kuwait 165 Interior 477,56905547129
235,Lánzate Viajes La Nueva Ruta,Pasaje Rumania 878 Interior 148,56969264303
311,Nuevo Horizonte Alastrip,Boulevard Distrito Federal 982 158,56945617684
75,Viaja Lejos Travelmaniaco,Corredor Veracruz de Ignacio de la Llave 614 Interior 919,56959525662
459,Dulce Viaje Full Travesia,Boulevard Jordania 913 130,56928855417
169,Neo Viajes Ingenio Viajero,Avenida México 530 079,56904865905
335,Alaspro Visión Viajera,Cerrada Chiapas 909 Interior 384,56992640843
412,Universo Turístico Turisfront (Turismo sin fronteras),Continuación Puebla 998 079,56975592868
60,Vuelta Total Rutas de Viaje,Boulevard Sinaloa 521 Interior 959,56987434074
231,Ingenio Viajero Órbita Viajera,Circunvalación Quintana Roo 692 Interior 425,56971961960
188,Expertus Avanti Viajes,Andador Fernández 486 028,56967548110
225,Vaya Viajes! Nómada Tours,"Cerrada Brito 104 Edif. 302 , Depto. 199",56911800234
210,Vive Ahora Paraíso Global,"Periférico Hernández 695 Edif. 404 , Depto. 483",56992988440
14,Travesía Viajera Dulce Viaje,Calle Norte Negrón 006 Interior 157,56926261281
466,De vuelta al sol Punto de Partida,"Andador Tabasco 243 Edif. 524 , Depto. 508",56914072724
40,Vaya Viajes! En La Ruta,"Boulevard Tailandia 632 Edif. 841 , Depto. 935",56909473968
485,Lánzate Viajes Nómada Tours,Ampliación Norte Montemayor 434 780,56940321816
309,Universo Turístico Innovate,Privada Chiapas 079 203,56932838034
171,Vuelta Total Viajes Lux,"Continuación Norte Gallardo 644 Edif. 044 , Depto. 210",56984736690
29,Ontario Viajes Mundo Imperial,Ampliación Hidalgo 304 Interior 794,56923403167
489,Puesta de sol Giro 360,Viaducto Norte Maestas 350 006,56938672773
215,Visión Viajera Ontario Viajes,Corredor Norte Delgado 973 Interior 952,56948189630
240,Más Luna La Porte Bay,Continuación Norte Quintana 233 781,56984514574
149,Aires Travel En La Ruta,Cerrada Coahuila de Zaragoza 404 230,56978311937
298,Destino Paraíso D-Relax,Eje vial Suiza 563 Interior 962,56992914425
181,Almeda Tours Mundo Imperial,Avenida Baja California 407 590,56931630703
477,Planifica Tours Destino Paraíso,Periférico Baja California Sur 140 Interior 157,56963732448
343,Tiempo de Viaje Neo Viajes,Corredor Liberia 674 498,56988590473
285,Viajero Itinerante Expertus,Ampliación Sur Gaona 055 Interior 459,56909846559
43,La Porte Bay Mentawai,"Continuación San Luis Potosí 823 Edif. 068 , Depto. 459",56972783332
357,Innovate Más Luna,"Prolongación Norte Godínez 063 Edif. 322 , Depto. 161",56900141621
295,Lánzate Viajes Turisfront (Turismo sin fronteras),"Circuito Guajardo 128 Edif. 528 , Depto. 003",56956809193
362,Mentawai Lánzate Viajes,Privada Armenta 404 Interior 947,56967481191
251,Guía Travel Tu Pasaporte,Callejón Tamaulipas 168 084,56998411198
47,Universo Turístico Mundo Explorador,Periférico Sur Ozuna 348 517,56917212469
369,Viaja Lejos Paso De Viaje,Diagonal Vásquez 948 150,56927208188
117,Ingenio Viajero Ontario Viajes,"Cerrada Oaxaca 279 Edif. 285 , Depto. 371",56910430008
218,Travelmaniaco Novo Viajes,Cerrada Valladares 204 777,56951293096
138,Innovate La Nueva Ruta,"Peatonal Afganistán 423 Edif. 327 , Depto. 997",56954443588
316,Nova Adventure Universo Turístico,Calle Sur de la Garza 927 Interior 450,56913261153
279,Tu Rumbo 360 Astral Viajes,"Calle Kenya 819 Edif. 026 , Depto. 093",56988704137
71,Paraíso Global Órbita Viajera,Viaducto Serbia 016 Interior 139,56926093561
168,Qualá Viajes Qualá Viajes,"Privada Morelos 500 Edif. 173 , Depto. 854",56928345380
164,Tu Pasaporte Paso De Viaje,Viaducto Norte Urías 174 978,56945689675
319,Mentawai Neo Viajes,"Calle Aguascalientes 214 Edif. 588 , Depto. 021",56935652285
320,Vive Ahora ViveGeo,Calzada Holguín 544 Interior 251,56901826732
