aid;nombre_atractivo;descripcion_atractivo;url_atractivo
0;PARQUE ALGAIDA CORREDOR;Ad excepturi voluptatum consequuntur. Itaque nobis perferendis facere similique aperiam voluptatum.;http://lorempixel.com/230/291/nature/
1;PEDRO PUERTO DON;Maiores corporis quis nam. Numquam necessitatibus fuga dicta beatae a. Reiciendis explicabo sapiente in similique. Cupiditate labore odit error quaerat.;http://lorempixel.com/269/373/nature/
2;ARMAS CERRO LA;Occaecati dolore id non.;http://lorempixel.com/243/373/nature/
3;MEANDROS GUADALETE GUADALMESÍ;Velit facilis at vel. Quia sed vero laboriosam iure suscipit vitae.;http://lorempixel.com/319/252/nature/
4;MONTE DE HIGUERÓN;Neque dolorem placeat nihil. Facere qui commodi labore. Neque distinctio iure reprehenderit nisi ex.;http://lorempixel.com/344/289/nature/
5;PUERTA FRONTERA LA;Cum dignissimos officia vel. Reprehenderit sequi sapiente assumenda. Eos facilis soluta excepturi cumque.;http://lorempixel.com/317/368/nature/
6;DE EMBALSE DEL;Accusamus voluptate quod voluptatum consequatur voluptatum. Explicabo cum eos deserunt.;http://lorempixel.com/323/390/nature/
7;DEL LAS QUEBRADAS;Quos dolore quas quaerat enim. Natus optio quae facere odit quas. Voluptatibus quasi illo eaque.;http://lorempixel.com/306/336/nature/
8;FRESNILLO DE CAMINO;Error qui eveniet minus dolores quidem. Ipsam eum sed fugiat quisquam laboriosam.;http://lorempixel.com/389/237/nature/
9;SAN ROQUE MECA;Cupiditate fugit esse earum quae eaque ipsa expedita. Temporibus impedit optio ipsam. At odit totam laudantium fuga magnam.;http://lorempixel.com/365/362/nature/
10;A JEREZ LA;Eligendi omnis iusto modi mollitia fugiat dolore illo. Laboriosam consequatur fuga unde ipsam in.;http://lorempixel.com/322/331/nature/
11;DEL SAN CABRITO;Ipsum id repudiandae perferendis voluptatum praesentium voluptate. Ex iste repellendus occaecati.;http://lorempixel.com/389/392/nature/
12;DE PRESILLAS TAPA;Autem sapiente itaque nesciunt iusto.;http://lorempixel.com/324/300/nature/
13;CERRO ALBARRACINEJO VALDEINFIERNO;Fuga perspiciatis officiis impedit occaecati natus. Alias consectetur assumenda occaecati sapiente. Ipsam explicabo debitis odit nam dolorem. Eligendi deleniti sit debitis.;http://lorempixel.com/286/397/nature/
14;QUEBRADAS DE LAS;Inventore iusto laudantium nam repellat laudantium. Perspiciatis tempore quas et.;http://lorempixel.com/317/395/nature/
15;CORDERO DE DEL;Officiis quia eaque a vero. Maxime pariatur pariatur fuga laudantium assumenda. Sint cum id itaque esse optio.;http://lorempixel.com/295/379/nature/
16;BACINETE DEL PIEDRA;Ad pariatur dicta expedita fuga. Cumque recusandae adipisci ut nesciunt distinctio.;http://lorempixel.com/312/289/nature/
17;CALZADA CARISSA ROMANA;Vero cupiditate error occaecati iste. Quidem aliquam dolores maxime adipisci amet explicabo.;http://lorempixel.com/264/398/nature/
18;SUBIDA PICACHO DE;Ab enim autem voluptatibus impedit ad error. Consequuntur porro odit corporis nesciunt maiores dignissimos. Error dolorem totam.;http://lorempixel.com/281/279/nature/
19;LAS HIGUERÓN SALINAS;Modi distinctio incidunt nihil quas.;http://lorempixel.com/297/313/nature/
20;LA MENACHA SILLA;Mollitia similique quidem non. Aspernatur nobis sed. Assumenda pariatur enim quas iste porro aperiam.;http://lorempixel.com/299/332/nature/
21;PINOS DE REGINOSA;Quia inventore facere eos officia ab doloremque. Rerum quisquam qui quod debitis. Vitae labore consectetur cum.;http://lorempixel.com/350/252/nature/
22;DORNAJO DEL REGINOSA;A fugit vero quisquam. Reprehenderit delectus exercitationem distinctio nulla dolor dolorum. Laborum accusamus sapiente explicabo nesciunt excepturi. Minus eum ipsa molestiae.;http://lorempixel.com/278/366/nature/
23;VERDE PUERTA TORUÑOS;Est ipsa architecto quos ad. Mollitia at quibusdam numquam veniam eaque numquam quisquam.;http://lorempixel.com/393/266/nature/
24;DE CAOS DE;Aliquid aliquam quod iure sequi accusamus. Odio consequuntur reiciendis vitae ipsam itaque.;http://lorempixel.com/287/218/nature/
25;LAGUNA DE ALJIBE;Sunt ex in dolor alias molestiae vero occaecati. Natus sint reprehenderit tempore quidem dolore. Inventore veritatis saepe.;http://lorempixel.com/260/386/nature/
26;FRONTERIZO PATRIMONIO DE;Voluptatum nihil rem. Nam corrupti nesciunt officiis neque. Delectus deserunt quibusdam saepe commodi est iure.;http://lorempixel.com/287/287/nature/
27;MORO DUNA BOLONIA;Numquam soluta veniam. Soluta impedit in corporis. Voluptate inventore nesciunt debitis. Vel quis reiciendis dignissimos voluptas recusandae.;http://lorempixel.com/267/247/nature/
28;TORRE DEL LA;Magnam cupiditate quasi occaecati numquam doloremque. Repellat dicta delectus provident nobis. Ullam atque repudiandae ab officiis voluptates.;http://lorempixel.com/338/280/nature/
29;- LAJA ALTA;Hic fugiat est autem non. Assumenda accusamus totam modi eius corrupti.;http://lorempixel.com/314/323/nature/
30;DESCENSO ARROYO BOYAR;Quibusdam iusto aliquid maiores suscipit perspiciatis officiis. Porro minus sit.;http://lorempixel.com/375/263/nature/
31;REMEDIOS ALGECIRAS DE;Debitis soluta eius voluptatem ratione. Veniam porro illo iure culpa tempora illo.;http://lorempixel.com/269/209/nature/
32;MORÓN-MIRADOR TOSCAS DE;Ducimus quis architecto commodi aperiam ipsam quisquam. Numquam quod iste. Maxime eaque quia error.;http://lorempixel.com/323/201/nature/
33;GARGANTA DE DEL;Suscipit esse tempora neque dolore eos eius. Architecto expedita tempore minima libero soluta.;http://lorempixel.com/316/342/nature/
34;BORNOS DE ACANTILADO;Rerum est soluta necessitatibus. Natus ut voluptate fuga ducimus. Saepe modi quia nam quas ipsam.;http://lorempixel.com/239/225/nature/
35;LIJAR SIERRA PUERTA;Molestiae sit provident dolores. Sed vel corrupti velit odio. Veniam doloremque perspiciatis.;http://lorempixel.com/330/299/nature/
36;CALAS ALJIBE CONIL;Eos numquam repudiandae culpa. Maxime saepe maiores. Culpa quam dolores labore fugiat eligendi recusandae.;http://lorempixel.com/345/341/nature/
37;DEL RÍO FUENTES;Quasi alias tempore explicabo culpa officia. Alias vel saepe eum. Consectetur id porro.;http://lorempixel.com/254/303/nature/
38;DE CAOS ROCHE;At odio reiciendis quam. Facere a atque eaque.;http://lorempixel.com/382/238/nature/
39;"""LAGUNAS Y JUNCOSA""";Neque magni illum cum consectetur assumenda suscipit laudantium. Optio quam molestias velit sequi quia. Ullam voluptatem id sint.;http://lorempixel.com/383/258/nature/
40;I VERDE CORREDOR;Quos ipsum asperiores nesciunt.;http://lorempixel.com/220/355/nature/
81;DE BAHIAS. TRAMO;Cumque odit praesentium suscipit rerum magnam. Natus consectetur eius.;http://lorempixel.com/284/215/nature/
41;LA SIERRAS TRAVESÍA;Aspernatur eligendi modi est possimus. Repellat dolor voluptates quidem. Modi corporis recusandae modi voluptatem atque.;http://lorempixel.com/218/312/nature/
42;VERDE LA GARGANTE;Tempora cum quas neque ratione explicabo reprehenderit. Cupiditate a corporis sunt expedita optio aspernatur. Explicabo odit officia ea minima.;http://lorempixel.com/313/370/nature/
43;FARDELA VERDE DE;Corporis itaque inventore optio amet minima fuga ea. Atque natus eligendi hic voluptatem debitis. Nesciunt similique dignissimos ad.;http://lorempixel.com/297/309/nature/
44;GUADALMESÍ LAGUNA BENAJIMA;Ab dicta sed quod eveniet animi minima. Magnam veritatis magnam. Alias libero asperiores pariatur quaerat.;http://lorempixel.com/241/226/nature/
45;III GETARES TRAMO;Odio expedita cumque repudiandae reiciendis a. Sit maiores deleniti temporibus rem occaecati harum. Ullam officia odio delectus.;http://lorempixel.com/298/248/nature/
46;ACANTILADO DE LA;Tenetur laudantium error molestias tempore facere. Atque officiis tenetur delectus ad ad deleniti. At officiis dolor qui. Amet alias ipsum.;http://lorempixel.com/231/392/nature/
47;PALMITOS Y ROCHE;Adipisci vero aspernatur. Commodi aperiam rerum. Sequi at exercitationem sint.;http://lorempixel.com/379/379/nature/
48;DEL VIAJERO DEL;Libero ducimus praesentium provident dignissimos doloribus quaerat.;http://lorempixel.com/329/359/nature/
49;COLADA LA DE;Non quia voluptatum accusantium beatae earum. Aspernatur ut cum blanditiis porro veritatis ut.;http://lorempixel.com/341/259/nature/
50;VERDE TRAMO ERA;Placeat corporis explicabo rerum iusto similique quo facilis. Qui vitae voluptatum maiores commodi quod.;http://lorempixel.com/391/354/nature/
51;SIMANCÓN AL DEL;Iure ducimus ullam repellat modi. Deserunt id vel. Facere repellat accusamus omnis error laborum.;http://lorempixel.com/252/233/nature/
52;DE ROTA RURALES;Inventore omnis inventore tempore. Vel ratione ea voluptatem occaecati exercitationem optio.;http://lorempixel.com/362/355/nature/
53;SIERRA VERDE DE;Ipsum possimus culpa nesciunt occaecati quibusdam. Maiores asperiores et minima.;http://lorempixel.com/258/209/nature/
54;ZAFRAMAGÓN DE RAMOS;Minima explicabo qui et quaerat sint nisi. Unde repellendus placeat veniam vitae aspernatur. Eum animi atque sunt minus dignissimos maxime.;http://lorempixel.com/344/277/nature/
55;CARBONEROS PUERTA DE;Velit vel qui voluptate ad. Deserunt est earum excepturi.;http://lorempixel.com/329/255/nature/
56;DEL PALMONES MORO;Sit porro in a. Nulla repudiandae voluptas sed dolores inventore doloribus molestiae.;http://lorempixel.com/275/355/nature/
57;MILLAN DE GARGANTA;Beatae magnam odio consectetur. Illum consequuntur quia atque. Ipsa sed temporibus aliquam inventore.;http://lorempixel.com/378/371/nature/
58;NUEVA EL SIERRA;Id minima unde dolore dolorem maiores hic hic. Ratione voluptatem commodi praesentium similique. Fuga voluptatem neque assumenda saepe illo nihil molestias.;http://lorempixel.com/316/265/nature/
59;HONDÓN DEL TORVISCALEJO-NACIMIENTO;Quaerat praesentium optio cum aspernatur deserunt a. Eligendi et minima aliquid earum cumque eligendi. Exercitationem error commodi.;http://lorempixel.com/283/217/nature/
60;DE LA SAN;Quibusdam rerum commodi officia. Aperiam blanditiis est.;http://lorempixel.com/352/285/nature/
61;DESCANSADERO DEL ARROYO;Consequuntur esse odit excepturi odio repellendus incidunt. Culpa repellat saepe eligendi pariatur non sint. Aut nisi alias nam ullam nemo atque. Rerum deleniti tempore harum molestias.;http://lorempixel.com/326/243/nature/
62;DE GANADERAS HOZGARGANTA;Suscipit tempore cupiditate quia ipsa laborum. Debitis eos architecto aspernatur a sunt.;http://lorempixel.com/207/352/nature/
63;DEL VIAJERO CAMARINAL;Reiciendis illum doloremque tempora. Illum consequuntur voluptas aut aliquam labore earum ea.;http://lorempixel.com/331/310/nature/
64;DE LA SILLA;Dolor voluptates numquam harum adipisci nesciunt.;http://lorempixel.com/273/327/nature/
65;DEL TORRE ARCOS;Officiis eveniet perferendis repellendus. Expedita alias aspernatur quibusdam totam qui. Voluptatum atque nisi eos ullam.;http://lorempixel.com/272/286/nature/
66;ALGARBES-BETIJUELO LOS TESORILLO;Autem provident asperiores ipsum beatae consequuntur rem numquam. Eligendi pariatur blanditiis excepturi dolorem distinctio porro.;http://lorempixel.com/307/360/nature/
67;BERRAL FIGURAS LLANOS;Esse excepturi velit pariatur mollitia iure unde. Eos quo error voluptates natus.;http://lorempixel.com/236/250/nature/
68;LA SIERRA DE;Ad tenetur facilis illo adipisci. Natus placeat laudantium commodi sit. Non hic reiciendis fugit modi ducimus.;http://lorempixel.com/273/382/nature/
69;LA ROCHE DE;Eos sequi deleniti. Et aut nam ut. A laudantium unde beatae. Repellendus non natus consequatur ea laudantium dolorum harum.;http://lorempixel.com/233/202/nature/
70;Y TAJILLO TAJO;Debitis magnam perspiciatis hic minus soluta dolores. Ipsum iure assumenda ullam. Aliquid rem blanditiis esse adipisci.;http://lorempixel.com/337/218/nature/
71;HOZGARGANTA CERRO CHARCO;Excepturi dolorum earum vero nisi. At numquam maiores explicabo ducimus.;http://lorempixel.com/337/362/nature/
72;DE PINSAPAR GRAZALEMA;Perspiciatis debitis sint. Voluptate voluptas consectetur unde. Nisi odit sint excepturi.;http://lorempixel.com/275/207/nature/
73;ARILLO RÍO -;Explicabo repudiandae quibusdam pariatur. Voluptatem ipsa culpa nostrum ipsa sit. Quidem nostrum voluptatem atque aliquam dolore cum.;http://lorempixel.com/295/390/nature/
74;BAHÍA DE CÁDIZ;Culpa ratione aut sint delectus.;http://lorempixel.com/250/350/nature/
75;PUERTO PUERTA SANTA;Et fuga quae earum laudantium est rerum rerum. Porro provident suscipit eaque unde praesentium. Omnis impedit quas quis repellat.;http://lorempixel.com/309/393/nature/
76;LA TAMBOR NACIMIENTOS;Blanditiis nesciunt ipsam fugiat et. Veritatis animi excepturi. Neque alias officiis perferendis explicabo ipsa at.;http://lorempixel.com/367/286/nature/
77;PLATERAS CANUTO DEL;Tenetur dolorum aperiam recusandae dignissimos debitis fugiat. Dolor earum aspernatur fuga.;http://lorempixel.com/353/300/nature/
78;DE TORRE DE;Esse doloremque facilis nemo hic modi esse. Autem nam dignissimos id doloremque mollitia qui in. Facilis dolore illo.;http://lorempixel.com/308/247/nature/
79;ERA DE LA;Minima rerum tempora quaerat similique quos saepe. Nisi consectetur similique. Iste veniam ullam veniam itaque. Distinctio recusandae cum corporis nesciunt harum.;http://lorempixel.com/354/236/nature/
80;LA HONDÓN DE;Unde dignissimos aut perferendis sed.;http://lorempixel.com/246/251/nature/
82;GUADALMESÍ AURELIA CARISSA;Animi cupiditate nulla quia. Odio occaecati mollitia.;http://lorempixel.com/313/354/nature/
83;MOLINO HONDO DEL;Consectetur optio excepturi eum totam. Labore iure possimus doloribus.;http://lorempixel.com/228/207/nature/
84;LA ALMORAIMA DEL;Vitae sit tempora molestias sapiente. Architecto distinctio facilis enim earum ducimus.;http://lorempixel.com/257/339/nature/
85;JANDA DE ARROYO;Quisquam ducimus itaque placeat porro. Saepe laboriosam error nostrum. Molestiae cum atque voluptas eum perspiciatis iste.;http://lorempixel.com/395/284/nature/
86;GARGANTA ESPERA DE;Expedita incidunt minima ducimus itaque quibusdam. Fuga non enim. Harum quaerat voluptates culpa blanditiis eius repudiandae.;http://lorempixel.com/236/253/nature/
87;EMBALSE BARBATE PRESA;Earum expedita veritatis aperiam necessitatibus. Esse nobis minima dolore cum qui culpa eos.;http://lorempixel.com/400/353/nature/
88;SIMANCÓN RELOJ SAN;Impedit consectetur minima est expedita fugiat. Deleniti labore tenetur doloremque necessitatibus.;http://lorempixel.com/218/226/nature/
89;CABRERO ROCINEJO DEL;Quos optio dolores atque provident. Sint aut minus. Tempora explicabo eius molestiae.;http://lorempixel.com/260/226/nature/
90;CÁMARA ASOMADA LA;Inventore voluptatem nulla enim. Possimus ipsa dicta sit nemo possimus. Eos dolor veniam vel placeat. Voluptates mollitia iusto iste quibusdam at quidem.;http://lorempixel.com/201/212/nature/
91;BODEGA BAHIAS. VERDE;Ipsam deleniti quibusdam. Ipsum incidunt tenetur consectetur atque. Beatae eos omnis delectus ex officia nemo. Numquam et est labore voluptatibus placeat laborum quis.;http://lorempixel.com/306/364/nature/
92;LA GARGANTE VERDE;Eos totam quae. Facilis natus hic officiis et earum. Est eligendi debitis ab quae quas nisi.;http://lorempixel.com/352/208/nature/
93;MORO DE DEL;Unde asperiores accusantium. Accusantium dicta ab veniam voluptates.;http://lorempixel.com/400/361/nature/
94;ROCHE DE CERRO;Magni sint voluptas iusto ullam. Iure odit officiis dolores accusamus labore deserunt.;http://lorempixel.com/329/261/nature/
95;DEL DE MESA;Distinctio ad nisi praesentium accusantium. Accusantium aliquid recusandae maiores repudiandae. Repudiandae quisquam quasi accusamus harum.;http://lorempixel.com/294/359/nature/
96;LECHE PALMONES DE;Totam soluta eligendi fugit assumenda iusto similique suscipit. Et voluptatem nihil commodi repellendus aperiam. Eveniet ratione perferendis dicta.;http://lorempixel.com/384/210/nature/
97;GUADALMESÍ DE CALAFATE;Minus magnam dicta blanditiis eius dolore. Hic minima animi voluptatibus deserunt amet error.;http://lorempixel.com/307/307/nature/
98;COLADA SETENIL AMARGA;Soluta expedita nihil cupiditate quas. Voluptates ea aliquid. Assumenda facere sed sequi officiis reiciendis.;http://lorempixel.com/201/293/nature/
99;SALINAS PRADO DE;Ipsam autem velit quo reiciendis.;http://lorempixel.com/207/351/nature/
100;DEL TRAVESIA DE;Error tenetur necessitatibus perspiciatis eveniet. Natus iste optio cumque ex eligendi. Tempore consequatur quae rem.;http://lorempixel.com/261/218/nature/
101;CAÑOS SANTOS MEDIEVAL;Quis iste fuga culpa excepturi adipisci doloremque. Sit vero voluptatibus maiores facilis possimus similique. Necessitatibus temporibus error inventore corrupti modi cum.;http://lorempixel.com/290/212/nature/
102;VENTAS TRASHUMANTES PLAZA;Occaecati officia unde officiis mollitia nisi facilis. Quibusdam omnis quod assumenda fugit. Facere deserunt consequuntur unde optio fuga.;http://lorempixel.com/353/232/nature/
103;DEL CAÑADAS DE;Accusantium voluptatibus eveniet esse sed saepe. Deserunt repellendus vitae mollitia dolorem earum. Vero libero aut dolor. Eum sapiente nihil corporis possimus.;http://lorempixel.com/208/375/nature/
104;CHICLANA ATUNES-ATLANTERRA DE;Sit blanditiis rem minus. Quod neque ad necessitatibus vero. Expedita eius officiis id corporis dignissimos totam quia.;http://lorempixel.com/352/335/nature/
105;PRESILLAS ALBARRACINEJO SUBIDA;Accusamus recusandae ut autem culpa. Quasi beatae odit similique delectus.;http://lorempixel.com/338/299/nature/
106;SAN QUINTAS DE;Minima cumque earum ipsa laborum amet earum porro. Alias similique nihil magnam cumque.;http://lorempixel.com/351/305/nature/
107;DEL EL CAÑILLO;Iure maiores vel. Ad quasi suscipit doloremque quaerat autem.;http://lorempixel.com/230/209/nature/
108;ASOMADA TRES LOS;Totam a et dolorum iste quos. Explicabo ad eligendi ducimus a iste eveniet. Nostrum repellendus temporibus soluta accusantium itaque consequatur.;http://lorempixel.com/378/380/nature/
109;BOSQUE-CAMINO LA DE;Doloremque magni porro sapiente voluptas hic consequatur. Veritatis quas nihil nulla odio omnis. Eos vel accusamus mollitia odit sunt.;http://lorempixel.com/215/310/nature/
110;RURALES DE ALGAIDA;Quod nemo omnis ut.;http://lorempixel.com/241/231/nature/
111;DE HOZGARGANTA GARCIAGO;Quis maxime vitae excepturi ipsa. Voluptate placeat rem porro. Perferendis eius voluptatibus ut. Ipsa aliquid vitae incidunt dolore ipsam eius iusto.;http://lorempixel.com/303/263/nature/
112;MONTE LADERA DE;Aut mollitia provident numquam temporibus reprehenderit commodi. Natus laboriosam tempora rerum quas.;http://lorempixel.com/247/314/nature/
113;DEL TRAVESIA DE;Tempora sequi molestias expedita. Rem excepturi placeat asperiores quibusdam.;http://lorempixel.com/290/277/nature/
114;LÍNEA VERDE DE;Sapiente itaque est temporibus accusamus reiciendis. Architecto eum ab. Dolorem eos modi excepturi.;http://lorempixel.com/258/381/nature/
115;BATANES BARBECHOS LOS;Ut aut rem quam nulla esse. Dolorum repellendus voluptatum ullam veritatis.;http://lorempixel.com/293/242/nature/
116;RUTA VIAJERO DEL;Cupiditate in placeat veritatis consequatur. Dicta molestias ullam assumenda in. Quos animi quos iure eligendi iusto non rem. Fuga nam deleniti eum.;http://lorempixel.com/399/278/nature/
117;PLATA Y RETÍN;Provident nesciunt inventore odio.;http://lorempixel.com/303/261/nature/
118;DE NACIMIENTOS ALGODONALES-LOS;Suscipit nemo unde aspernatur ipsa ut. Corporis ea voluptates.;http://lorempixel.com/315/243/nature/
119;- VERDE I;Aspernatur commodi quasi eveniet dolores sapiente officia. Suscipit blanditiis minus. Dolore ab ut inventore dolore. Modi repudiandae beatae unde.;http://lorempixel.com/281/318/nature/
120;TREN DEL RURALES;Eos inventore atque deserunt molestiae itaque. Quasi accusamus aspernatur repudiandae. Sint deleniti similique asperiores eaque beatae.;http://lorempixel.com/344/201/nature/
121;VILLALUENGA-NAVAZOS ANTIGUA LA;Magni ducimus ducimus iste harum eius. Expedita ea quam aperiam officiis. Rerum facere dolores velit illum ad magnam.;http://lorempixel.com/330/227/nature/
122;ALTO DEL REPUBLICANO;Voluptas iste deserunt accusamus mollitia libero laboriosam. Quaerat quod beatae.;http://lorempixel.com/245/330/nature/
123;DEL PAJARRACO ARROYO;Reprehenderit quo alias facere veniam voluptates aliquam. Voluptates minima dolore laboriosam.;http://lorempixel.com/221/214/nature/
124;LOS CALZADA Y;Porro cumque porro facilis. Sit delectus ratione veniam cupiditate.;http://lorempixel.com/242/385/nature/
125;PAPA ALJIBE DEL;Eum impedit facere temporibus ipsa sed alias vitae. Totam unde et sequi tempora odit quibusdam consequatur. Nobis rerum debitis. Voluptas quae soluta cum sunt animi sequi.;http://lorempixel.com/395/247/nature/
126;CAÑADA DE MÁLAGA;Dolore delectus asperiores sint quos libero. Doloremque esse suscipit nostrum voluptate. Nesciunt dignissimos sapiente iste.;http://lorempixel.com/302/290/nature/
127;MARISMAS TREBUJENA SALINAS;Error repudiandae in repudiandae dolorum incidunt exercitationem veniam. Cum incidunt officiis esse natus. Incidunt laudantium at tenetur aspernatur at amet placeat.;http://lorempixel.com/209/380/nature/
128;LA NACIMIENTOS TREN;Odit cumque earum nostrum eum fugit. Distinctio dolorum quisquam doloremque at eligendi sed.;http://lorempixel.com/254/200/nature/
129;VERDE SANTA ROCHE;Cum ab libero saepe eum facere itaque. Officiis amet dicta expedita animi nesciunt vero.;http://lorempixel.com/257/207/nature/
130;DEL DE DUNAS;Consequatur voluptates expedita laborum vitae error. A modi tenetur.;http://lorempixel.com/229/399/nature/
131;ESPERA DE SILLA;Debitis natus sequi odio rem earum dolorum. Autem qui voluptates laudantium consectetur rerum animi nemo. Magni cumque illum adipisci dolorum animi cupiditate laboriosam.;http://lorempixel.com/289/256/nature/
132;BARTOLOMÉ LOMA ROCHE;Fuga quas dolorum quaerat. Quam aperiam sapiente suscipit dolore.;http://lorempixel.com/318/209/nature/
133;LLANOS BERRAL DEL;Natus ipsam voluptatem repellat voluptatibus neque. Nulla molestiae facere doloremque.;http://lorempixel.com/244/242/nature/
134;LA MÁLAGA DE;Ab similique eius quasi sint. Officia impedit iure quae ratione. Tempore nobis quod expedita quam quasi.;http://lorempixel.com/271/349/nature/
135;TORRE GUADALMESÍ BOYAL;Praesentium corporis suscipit odit odio quis ullam vero. Dignissimos laborum eius ut suscipit nisi molestiae.;http://lorempixel.com/232/290/nature/
136;DE ROMANOS RÍO;Natus temporibus maxime ipsam doloribus. Provident ipsa est ex.;http://lorempixel.com/210/362/nature/
137;HONDÓN CAÑADA DE;Reprehenderit unde neque dolorem. Id voluptatum accusamus laudantium assumenda ullam et distinctio. Dicta tempora molestiae odio quidem.;http://lorempixel.com/339/266/nature/
138;BORNOS COLA EMBALSE;Veritatis est voluptates nobis asperiores autem perferendis voluptatibus. In et officia nobis eius. At quis laborum harum quasi.;http://lorempixel.com/376/216/nature/
139;ANTIGUA DE A;Repellat optio soluta nihil. Vitae aperiam adipisci in aut. Natus officia suscipit nostrum fugit suscipit.;http://lorempixel.com/392/346/nature/
140;ESCARPES RIO AL;Beatae quas velit vitae ea. Ex odio sit ab vitae aut repellat nihil.;http://lorempixel.com/255/246/nature/
141;JEREZ RONDA A;Id assumenda sed eum excepturi mollitia laborum. Sit quod cupiditate ab velit. Ad commodi laboriosam ab.;http://lorempixel.com/389/347/nature/
142;SIERRAS ALGODONALES DEL;Eius veritatis perspiciatis nihil ipsa molestiae libero.;http://lorempixel.com/321/249/nature/
143;ANTIGUA DEHESA LA;Molestias nisi nemo ducimus deleniti rem cumque. Exercitationem unde exercitationem assumenda accusamus beatae assumenda id.;http://lorempixel.com/313/283/nature/
144;LADERA LA SUARA;Voluptates modi nulla consectetur magni repellendus alias occaecati. Inventore harum sed reprehenderit minus. Nobis laboriosam laudantium sequi facilis repellendus.;http://lorempixel.com/322/341/nature/
145;EL SANTO ERMITA;A delectus error magni eaque est. Amet beatae amet adipisci. Explicabo mollitia sed debitis quas.;http://lorempixel.com/284/292/nature/
146;SUARA LA BOYAL-;Maiores et officia magnam.;http://lorempixel.com/206/312/nature/
147;DOLORES DE CERRO;Consectetur nihil libero aspernatur sint asperiores quae. Perferendis velit aspernatur sequi quaerat vel.;http://lorempixel.com/249/365/nature/
148;DE MARCHANTES CARLOS;Aperiam sunt deserunt earum modi provident repellat. Atque dicta eaque delectus consequuntur veritatis. Rerum eaque vitae cumque expedita.;http://lorempixel.com/260/317/nature/
149;DEL BOYAL -;Mollitia ipsa qui temporibus beatae. Alias reiciendis temporibus soluta. Natus odio velit magnam itaque eius.;http://lorempixel.com/224/310/nature/
150;AL ASCENSO TAJO;Labore beatae architecto sequi odit ad quos mollitia. Quis neque ipsa maiores sint nemo. Veniam praesentium facilis maiores.;http://lorempixel.com/233/369/nature/
151;I TRAMO TESORILLO;Aliquam consectetur quidem ipsam ab hic. Quod voluptatibus pariatur tenetur.;http://lorempixel.com/359/365/nature/
152;ALMORAIMA PATRIMONIO FRONTERIZO;Explicabo eaque facilis quaerat necessitatibus. Esse corrupti reprehenderit laborum.;http://lorempixel.com/322/217/nature/
153;BENALUP-CASAS ALJIBE TRAVESIA;Ut quos amet asperiores ullam. Sapiente repudiandae aperiam cumque.;http://lorempixel.com/343/331/nature/
154;DE DE DE;Aperiam aliquam nulla iure sunt explicabo. Vero laboriosam debitis. Esse id expedita.;http://lorempixel.com/274/251/nature/
155;OJÉN DE ARILLO;Deleniti harum minus repudiandae. Blanditiis sapiente quibusdam autem minima.;http://lorempixel.com/288/268/nature/
156;LA DEL SUARA;Molestias repudiandae provident quibusdam. Saepe ex quibusdam adipisci placeat.;http://lorempixel.com/241/374/nature/
157;LA TAPA MAJACEITE;Ipsam velit temporibus minima ullam recusandae. Soluta maiores facilis praesentium consequuntur itaque. Corporis sapiente tempora incidunt.;http://lorempixel.com/261/235/nature/
158;EMPEDRADA LA ERA;Voluptate similique culpa laudantium. Velit nihil illum mollitia recusandae porro dolore.;http://lorempixel.com/262/237/nature/
159;NACIMIENTOS CERRO SUBIDA;Ea amet at cumque eius. Maxime voluptatibus soluta eaque cupiditate. Vitae similique cumque illum alias.;http://lorempixel.com/222/295/nature/
160;DEL FARDELA DE;Odio repudiandae doloremque commodi ducimus eos. Consequuntur quo impedit perspiciatis.;http://lorempixel.com/352/355/nature/
161;SECA BOLONIA-PULIDO DE;Ipsam quos nemo beatae veritatis aperiam natus. Quas eum reiciendis.;http://lorempixel.com/232/203/nature/
162;CALZADA ROMANA AL;Enim illum ipsa asperiores impedit. Repudiandae beatae soluta non occaecati.;http://lorempixel.com/275/330/nature/
163;CANTARRANAS-CORREDOR VERDE DOS;Labore nostrum sit culpa. Omnis aliquid nostrum corporis laboriosam veritatis cupiditate. Aliquid iusto et corrupti.;http://lorempixel.com/288/335/nature/
164;VERDE III DOS;Nemo nihil praesentium voluptatibus amet. Sed fuga magnam voluptas autem.;http://lorempixel.com/202/272/nature/
165;DON PEDRO LOS;Aut dolor suscipit occaecati officia totam nulla. Non iusto atque voluptatem ea.;http://lorempixel.com/280/266/nature/
166;RABEL SALTO CABRERO;Esse modi ex placeat eum veritatis. Architecto non totam quos aperiam exercitationem. Sint rerum reprehenderit fugiat hic saepe magni. Perspiciatis fugit excepturi ea voluptas.;http://lorempixel.com/374/301/nature/
167;RÍO TRES LOS;Dolore doloremque fuga ducimus distinctio totam excepturi. Ad maiores optio excepturi ab vel provident.;http://lorempixel.com/306/334/nature/
168;CORREDOR I TRAMO;Ut iste quidem reprehenderit ducimus rerum nemo. Vel doloribus ullam occaecati quibusdam. Assumenda iure exercitationem voluptatibus in quam iusto.;http://lorempixel.com/296/259/nature/
169;DEL ALJIBE ACANTILADO;Quisquam reprehenderit accusantium doloremque tempore. Neque sit assumenda adipisci officiis. Nulla maiores dolore quo minima.;http://lorempixel.com/365/260/nature/
170;ACANTILADO DEL HOZGARGANTA;Eveniet corporis architecto a assumenda facere cupiditate minus. Illum ratione aut amet quibusdam dignissimos. Error minima esse consequatur maiores.;http://lorempixel.com/327/340/nature/
171;LAS CORDEL LAS;Commodi quam consectetur aspernatur. Maiores corrupti deleniti laudantium voluptatem. Voluptate aliquam incidunt ex quia alias.;http://lorempixel.com/221/247/nature/
172;DE GETARES CARNERO;Veniam cupiditate fugiat corporis dolores fuga. Porro culpa dicta sunt similique assumenda voluptatibus. Placeat laudantium voluptatum ullam aliquam.;http://lorempixel.com/362/269/nature/
173;Y DEL BOSQUE;Eius expedita nisi cupiditate. Ducimus libero saepe totam necessitatibus.;http://lorempixel.com/280/327/nature/
174;PRISIONEROS DEL SENDA;Blanditiis magnam doloremque nisi. Molestias vero earum eius facere possimus.;http://lorempixel.com/343/225/nature/
175;DE LOS DORNAJO;Deleniti fugit laboriosam ab quis fugit. Est culpa ut culpa. Ducimus magnam excepturi atque aliquam.;http://lorempixel.com/311/293/nature/
176;DEHESA BOYAL LA;Autem vitae rerum dolor eius. Asperiores in a inventore laudantium natus.;http://lorempixel.com/245/347/nature/
177;DE DE LA;Dicta voluptatem sequi suscipit minima saepe in. Saepe consequatur quisquam omnis ex eos beatae. Laudantium vitae tempora iusto.;http://lorempixel.com/367/285/nature/
178;MESA MAJACEITE DEL;Modi ab earum similique.;http://lorempixel.com/302/392/nature/
179;VÍA MATAGORDA VERDE;Accusamus perferendis ea facere iure odit ut perspiciatis.;http://lorempixel.com/327/378/nature/
180;DEL CARLOS SAN;Maxime nisi quisquam. Voluptate inventore qui delectus eveniet magni temporibus aliquid. Et facere tempore maxime magnam.;http://lorempixel.com/365/201/nature/
181;RUTA LOS LOS;Aperiam aut possimus doloremque illum. Possimus dignissimos id nemo rem placeat delectus. Animi excepturi atque sunt. Omnis quis suscipit rerum ullam quasi quos.;http://lorempixel.com/309/274/nature/
182;DEL AL SALTO;Consectetur qui optio corporis. Consequuntur harum magnam nihil id. Fugit distinctio est esse qui cupiditate ipsa esse.;http://lorempixel.com/354/316/nature/
183;FRONTERA-VEJER DE FRONTERA;Eum consequuntur harum. Veritatis id magni.;http://lorempixel.com/294/330/nature/
184;DEL GR-7 ALJIBE;Iste modi iusto distinctio vel in suscipit. Pariatur sint quam provident.;http://lorempixel.com/364/377/nature/
185;SIDONIA DE DE;Dolor facere odio ad error architecto. Maxime impedit placeat saepe.;http://lorempixel.com/318/216/nature/
186;COSTA DE CAMINO;Ipsam eum eius officia. Inventore debitis repellat delectus id molestias.;http://lorempixel.com/365/342/nature/
187;PEDRIZA LADERA LA;Inventore aliquam cumque modi. Quisquam nulla eos deserunt ad quam.;http://lorempixel.com/339/248/nature/
188;FERNANDO SAN VERDE;In et neque nemo natus delectus. Accusantium accusamus incidunt deleniti dolore fugiat minima.;http://lorempixel.com/313/311/nature/
189;PRESA DEL FRESNILLO;Doloribus accusamus nihil animi consequuntur. Odio necessitatibus quasi impedit. Pariatur voluptate totam aspernatur temporibus quae porro.;http://lorempixel.com/211/203/nature/
190;EL MOCITAS SALTADERO;Rerum eveniet assumenda magnam.;http://lorempixel.com/278/397/nature/
191;TRAMO CORREDOR DOS;Dolores quibusdam doloribus voluptatibus provident. Veniam recusandae voluptatem excepturi.;http://lorempixel.com/375/280/nature/
192;VIAJE EN TIEMPO;Numquam eius harum nulla. Aperiam consequatur placeat quis repellat ea.;http://lorempixel.com/348/295/nature/
193;TORREÓN EMBALSE EL;Tempore facere illum ipsam explicabo. Dolorum qui consectetur debitis molestiae hic.;http://lorempixel.com/234/273/nature/
194;CERRO DEL PEÑA;Accusamus aperiam iure architecto.;http://lorempixel.com/255/400/nature/
195;CASA FARDELA LOS;Pariatur quod quo amet corrupti. In incidunt accusantium.;http://lorempixel.com/375/294/nature/
196;DE VERDE PUERTA;Vero nobis natus omnis. Earum dolorum eos.;http://lorempixel.com/315/357/nature/
197;LA DE CONIL;Facere temporibus corrupti voluptate omnis. In numquam voluptatem tempore soluta in.;http://lorempixel.com/331/384/nature/
198;REPUBLICANO DEL ARROYOMOLINOS;Pariatur et doloribus a consectetur. Nisi dolor aut assumenda. Quam hic aliquid quaerat sint.;http://lorempixel.com/376/365/nature/
199;TORRE DE TORRE;Beatae officia delectus dolores cumque voluptatem perspiciatis. Explicabo quis aspernatur velit reiciendis officiis saepe.;http://lorempixel.com/256/373/nature/
200;CAMINO GRULLO DEL;Beatae perspiciatis reprehenderit assumenda reprehenderit. Labore consequuntur ad voluptatum ipsa vero quo. Omnis officia veritatis placeat consequuntur.;http://lorempixel.com/208/350/nature/
201;CAMINO DEL PILAR;Ea debitis ratione expedita. Iste temporibus enim assumenda iusto distinctio.;http://lorempixel.com/247/214/nature/
202;- PALOMAS DE;Ut cumque numquam. Soluta fugiat ex voluptatum.;http://lorempixel.com/372/264/nature/
203;DEL RABEL LLANO;Nostrum iure nam ea. Voluptate sunt esse suscipit veritatis minima.;http://lorempixel.com/363/292/nature/
204;JANDA AL LAGUNA;Perferendis alias accusamus saepe sed. Quae eum esse placeat culpa soluta. Animi placeat assumenda quaerat ducimus.;http://lorempixel.com/359/202/nature/
205;DE LA LA;Illo mollitia quia eum dicta sit ab expedita. Repellendus similique quos aperiam nostrum debitis. Nesciunt minima deleniti sunt quidem voluptates minima.;http://lorempixel.com/232/372/nature/
206;LA LA FRONTERA-VEJER;Quae facere laboriosam quod repudiandae. Aliquid facilis quam similique ipsam nam esse.;http://lorempixel.com/319/287/nature/
207;DE MEDINA RUINAS;Aspernatur non vitae saepe facilis vel laborum. Possimus hic neque voluptatum occaecati ullam. Veniam veniam quis architecto blanditiis necessitatibus repudiandae. Officia nisi unde nam maxime.;http://lorempixel.com/331/247/nature/
208;LA BOYAL BAHÍAS;Quia beatae ut eligendi fugit iusto labore. Aspernatur facere enim quibusdam ratione laudantium mollitia adipisci. Doloribus omnis quos repudiandae tempora expedita magni.;http://lorempixel.com/397/224/nature/
209;PICACHO-PEGUERA AL MOGOTE;Natus voluptatibus harum qui officia officiis in veritatis. Ducimus nesciunt quia ullam odio harum. Maiores quis veritatis.;http://lorempixel.com/304/372/nature/
210;JIMENA LOMAS DE;Assumenda quisquam quia harum. Consequuntur possimus nesciunt pariatur. Officiis praesentium totam sit atque aliquid voluptatibus.;http://lorempixel.com/303/241/nature/
211;DE LA PEÑA;Consectetur ullam et illo alias odit cupiditate. Nemo distinctio repellendus. Expedita assumenda hic voluptatem sequi. Dolore voluptate possimus ratione magni saepe officiis.;http://lorempixel.com/385/335/nature/
212;BERMEJA LOS Y;Aut cupiditate amet. Veritatis inventore quidem libero excepturi minus. Dolorum modi ullam officiis est beatae illo.;http://lorempixel.com/344/379/nature/
213;LAJARES BARBATE LOS;Quia animi modi nemo praesentium fugiat. Quos voluptatibus quis enim quos consequatur recusandae. Molestiae optio ducimus molestiae.;http://lorempixel.com/297/367/nature/
214;COSTA NOROESTE DE;Occaecati tempore dolorem nesciunt aliquid necessitatibus animi. Ratione maxime iste reiciendis.;http://lorempixel.com/244/288/nature/
215;TRAVESIA ALJIBE DEL;Tempora ipsum blanditiis exercitationem. Illo reprehenderit unde temporibus modi culpa. Ipsa alias quam repellat.;http://lorempixel.com/302/241/nature/
216;SANTUARIO DEL DE;Error beatae amet ratione et. Dolore consequatur dignissimos. Voluptate facere adipisci neque quis nostrum.;http://lorempixel.com/364/316/nature/
217;PUERTO DON DE;Quaerat reprehenderit consequatur voluptas sequi maxime. Soluta optio ipsum aut numquam. Rerum occaecati odit quae. Eos dolorum nobis eius fugit.;http://lorempixel.com/210/317/nature/
218;PALOMINOS DEL BOQUERÓN;Illum delectus vitae dolorum incidunt et aut quam. Voluptatum sint recusandae ipsa explicabo placeat. Tempora pariatur non eos sunt.;http://lorempixel.com/374/337/nature/
219;DE ESPERILLA TEJA;Eos alias eius nam molestiae temporibus unde. Accusantium ullam temporibus sint.;http://lorempixel.com/214/266/nature/
220;DE VALLE FUENTES;Doloremque quam quas qui. Repellendus atque temporibus quos reprehenderit maiores at. Officiis porro saepe architecto.;http://lorempixel.com/350/234/nature/
221;LA TORERO DEL;Corporis ipsa similique modi dignissimos. Dicta reiciendis deserunt sequi dolorem. Eos porro voluptatem perferendis voluptatum cum.;http://lorempixel.com/273/212/nature/
222;LOS DE COMPLEJO;Blanditiis laborum suscipit doloribus officia. Neque eaque aperiam autem nostrum. Voluptas rem reiciendis a natus eveniet. Laborum voluptate facere asperiores temporibus voluptatem recusandae ut.;http://lorempixel.com/356/393/nature/
223;DE ERA LA;Eveniet libero officiis velit officiis. Earum est doloribus nesciunt. Tempore laudantium quis quasi maxime tempore optio culpa.;http://lorempixel.com/286/207/nature/
224;CORREDOR BAHIAS. II;Explicabo culpa veritatis et accusantium aliquam neque. Sed animi nesciunt iste voluptatum.;http://lorempixel.com/332/387/nature/
225;PLAYA CERRO LA;Sapiente harum ex laborum error vel. Facere praesentium maiores distinctio ab qui. Non tempora reiciendis nulla a temporibus.;http://lorempixel.com/288/355/nature/
226;CAÑOS SETENIL CHARCO;Architecto iusto facilis adipisci repellendus magnam veniam. Laudantium maiores vitae inventore dicta quia.;http://lorempixel.com/213/387/nature/
227;CERRO DEL RAYO;Non ex optio. Expedita necessitatibus odit et minus perspiciatis.;http://lorempixel.com/218/390/nature/
228;LA LAGUNA DE;Sed rem fuga itaque amet. Repellat cumque fugit occaecati velit. Iste at architecto eius quas non neque voluptas.;http://lorempixel.com/273/213/nature/
229;PARQUE DEL CENTENARIO;Ducimus deleniti culpa quibusdam aspernatur accusamus molestiae. Atque recusandae nulla autem unde numquam illo. Dolorum tenetur culpa numquam.;http://lorempixel.com/245/210/nature/
230;FUENTES ALGAIDA MONTE;Enim hic similique non eos. Exercitationem temporibus deserunt hic et magnam. Animi blanditiis quia ea. Quis saepe at tenetur sit doloremque.;http://lorempixel.com/399/243/nature/
231;ROQUE DE VERDE;In quos dolore sed beatae eos. Natus tenetur beatae aliquam. Dignissimos mollitia possimus voluptatum ut velit delectus facilis.;http://lorempixel.com/215/382/nature/
232;PUERTA MAREALES DE;Placeat perferendis ipsa quaerat ea nemo et tempore.;http://lorempixel.com/303/206/nature/
233;PUERTA REY EL;Laudantium sequi dolorum similique ea ratione.;http://lorempixel.com/259/327/nature/
234;A CARLOS SANTOS;Iste quaerat quasi reprehenderit. Aperiam recusandae repellendus non quia. Ducimus qui eveniet possimus.;http://lorempixel.com/301/237/nature/
235;DEL LOS TORUÑOS;Quas cum quia dolorum. Officia tenetur a modi.;http://lorempixel.com/343/202/nature/
236;BODEGA SUARA LA;Perferendis sint possimus voluptates unde debitis vel. Possimus animi voluptatum error commodi fugiat cupiditate necessitatibus.;http://lorempixel.com/323/342/nature/
237;ANTIGUA LA DE;Consequuntur voluptatibus ipsam asperiores cum et asperiores.;http://lorempixel.com/388/378/nature/
238;MATAGORDA ANTÓN VÍA;Beatae minima autem dicta quo itaque eligendi. Unde sed ipsum soluta pariatur alias. Assumenda dolor doloremque necessitatibus ad.;http://lorempixel.com/320/376/nature/
239;DE BANDOLEROS LOS;Magnam consectetur rerum nobis facilis aliquid sit eius. Fugit vero distinctio dicta provident ad aspernatur. Magnam quidem officiis quos.;http://lorempixel.com/346/294/nature/
240;II LAS DOS;Reprehenderit voluptatum ratione nam eligendi porro. Accusamus illo cum necessitatibus nulla. Adipisci vel ut totam harum laboriosam praesentium.;http://lorempixel.com/301/206/nature/
241;FRONTERA DE LA;Voluptatem accusantium eius.;http://lorempixel.com/209/205/nature/
242;DE LA DE;Pariatur iste maxime voluptates amet vero. Quod totam rerum error consequatur voluptatum. Nulla officia eveniet tenetur sed id blanditiis. Laboriosam accusamus omnis ratione magni cupiditate nulla soluta.;http://lorempixel.com/278/229/nature/
243;DE ESPERA LA;Adipisci architecto aperiam nobis amet. Accusamus accusantium inventore excepturi odit culpa. Voluptatem sint praesentium.;http://lorempixel.com/325/204/nature/
244;LOS PALOMINOS PICACHO-PEGUERA;Quos fugit fuga libero. Et minima ipsum nihil. Architecto sit ab nam numquam quasi. Mollitia expedita ratione eius.;http://lorempixel.com/298/222/nature/
245;ESPERILLA RUINAS DE;Quasi excepturi qui ipsum optio accusantium iure commodi. Provident inventore reprehenderit laudantium architecto voluptate. Labore cumque odit libero mollitia magnam.;http://lorempixel.com/210/318/nature/
246;ROQUE DE SALINA;Odio nam autem atque optio tempora quam.;http://lorempixel.com/206/217/nature/
247;BAHIAS. TRAMO III;Tenetur vero labore. Asperiores voluptatibus magnam distinctio facere. Corrupti corporis fuga deleniti ratione quidem possimus.;http://lorempixel.com/278/318/nature/
248;PICACHO-PEGUERA SIERRA LA;Animi delectus tempora fugit sed excepturi. Ratione occaecati perspiciatis in dolorum. Dolores corrupti vero.;http://lorempixel.com/362/233/nature/
249;RATÓN DEL DORNAJO;Ipsa repudiandae culpa a laboriosam architecto reiciendis. Laborum repudiandae eligendi beatae ullam maiores veniam. Unde quibusdam explicabo suscipit autem nesciunt sed.;http://lorempixel.com/372/286/nature/
250;PRESA DEL BARBATE;Eveniet explicabo dignissimos adipisci. Accusamus tenetur et. Mollitia quas assumenda laudantium.;http://lorempixel.com/254/314/nature/
251;SEÑORA DE GARCIAGO;Quidem eligendi ullam sapiente aperiam. Laudantium placeat autem possimus pariatur magnam quae. Aspernatur provident eligendi ab pariatur aliquid dicta.;http://lorempixel.com/293/256/nature/
252;PUERTO CARBONEROS VERDE;Saepe dolore dolores veniam numquam. Facere adipisci omnis velit.;http://lorempixel.com/326/375/nature/
253;ARCOS DE DEL;Eaque illum neque neque minima. Perspiciatis perspiciatis nostrum dolores architecto saepe. Possimus similique illo omnis tenetur.;http://lorempixel.com/250/380/nature/
254;NACIMIENTOS OSCURO PUERTO;Ipsam facilis eius expedita id sit molestias. Commodi omnis molestiae adipisci exercitationem tenetur quia dolorem.;http://lorempixel.com/232/249/nature/
255;VICOS GRULLO CAMINO;Nihil enim sapiente vero nisi rerum. Possimus saepe nostrum quod voluptatibus minus nihil.;http://lorempixel.com/376/283/nature/
256;TIRADERO II DOS;Vero fugit vero. Recusandae hic mollitia officiis culpa qui quam. Delectus error minus.;http://lorempixel.com/380/319/nature/
257;DE LAS CANUTO;Repudiandae ratione tempora. Dolores incidunt laudantium delectus optio molestiae. Illo modi omnis possimus sunt.;http://lorempixel.com/367/219/nature/
258;A SANTOS LA;Quam incidunt maiores. Possimus illo sit ad id.;http://lorempixel.com/255/380/nature/
259;CERRO PALOMAS DE;Incidunt fuga deleniti quidem commodi dicta.;http://lorempixel.com/214/227/nature/
260;QUEBRADAS SALTO CABRERO;Inventore hic quod aliquid sapiente facilis. In aspernatur rem vel eaque dolores ipsum inventore. Fugit provident est perferendis eos.;http://lorempixel.com/316/300/nature/
261;DE LA ESPERANZA;Eos quos soluta nesciunt quos eos adipisci. Accusamus voluptates fugit consectetur dolorem. Delectus natus possimus nihil.;http://lorempixel.com/396/347/nature/
262;DEL DEHESA ANTÓN;Hic inventore impedit dolorum nulla nihil. Saepe consequatur soluta.;http://lorempixel.com/345/334/nature/
263;ANTIGUA DEL SALINA-FANGOS;Nemo laboriosam quam maxime illo. Nihil unde enim praesentium quaerat facilis mollitia. Necessitatibus enim rem libero ducimus incidunt.;http://lorempixel.com/320/391/nature/
264;AURELIA NACIMIENTO DE;Ad modi similique. Facilis expedita iste nisi nihil facilis voluptatem. Accusamus quam pariatur neque.;http://lorempixel.com/308/351/nature/
265;LA RÍO DEL;Soluta veritatis dolores quaerat eum quo. Nam porro iure ea reiciendis praesentium. Cumque labore voluptate modi pariatur nostrum.;http://lorempixel.com/368/329/nature/
266;LLANOS ENDRINAL DEL;Neque enim quae maxime magni repudiandae.;http://lorempixel.com/375/287/nature/
267;CERRO PUERTO DE;Dolor veniam laboriosam officia at nisi. Numquam assumenda libero nisi quisquam deserunt illo. Aperiam distinctio praesentium quaerat.;http://lorempixel.com/287/212/nature/
268;DE CAMINO ALTO;Dolorem minus asperiores reprehenderit blanditiis eaque. Atque nihil sit excepturi.;http://lorempixel.com/287/356/nature/
269;RUTA SETENIL LOS;Consequatur similique occaecati id. Aut deserunt aliquam repellat unde voluptatibus. Voluptatem facere libero sequi recusandae.;http://lorempixel.com/278/319/nature/
270;VÍA VERDE DE;Voluptatibus veritatis molestiae illum possimus minus magnam. Vitae harum laboriosam ea facilis est.;http://lorempixel.com/229/242/nature/
271;GANADERAS DE REAL;Repudiandae ea sint ad. Numquam enim asperiores.;http://lorempixel.com/214/230/nature/
272;CONCEPCIÓN DE LÍNEA;Dolorum inventore iste praesentium commodi. Laborum aspernatur ullam quasi occaecati repellendus explicabo voluptate. Veritatis quas possimus pariatur deleniti mollitia.;http://lorempixel.com/212/308/nature/
273;ACANTILADO DEL VERDE;Pariatur eaque incidunt enim suscipit odit. Quo eum est.;http://lorempixel.com/308/348/nature/
274;CORDERO REGINOSA DE;Reprehenderit accusantium non perferendis deleniti earum. Facere natus culpa nisi atque.;http://lorempixel.com/227/258/nature/
275;DEL LA PEÑA;Beatae dolorem impedit rerum architecto. Ut eaque rerum deserunt repellat vel.;http://lorempixel.com/276/321/nature/
276;DE - MORÓN-MIRADOR;Eveniet cupiditate hic error maxime illo beatae. Voluptatem totam qui sunt.;http://lorempixel.com/259/318/nature/
277;CAMARINAL VERDE FARO;Ratione tempore quibusdam aperiam quasi. Eaque veniam occaecati dolores vel sunt quos cumque.;http://lorempixel.com/307/209/nature/
278;LA LÍNEA PUERTA;Laborum reiciendis odio autem similique. Sequi hic sapiente.;http://lorempixel.com/213/331/nature/
279;DE NAVAZO VICOS;Quos natus placeat doloribus pariatur asperiores ipsa aspernatur. Accusantium architecto earum occaecati officia nisi asperiores aspernatur. Voluptatum nihil sequi vitae iste veritatis excepturi minus.;http://lorempixel.com/320/236/nature/
280;FRANCESES ENDRINAL LOS;Non quod cupiditate quia corporis repellat. Exercitationem doloremque cupiditate dolore esse enim.;http://lorempixel.com/286/317/nature/
281;ZONA REY PINAR;Possimus debitis magni rem officia at rem. Nobis recusandae delectus minima incidunt placeat officiis. Placeat temporibus ut voluptatibus voluptas culpa soluta.;http://lorempixel.com/311/228/nature/
282;DE PEDRIZA DUNAR;Natus ipsum fugiat fuga. Culpa ut reprehenderit eligendi iste.;http://lorempixel.com/281/354/nature/
283;GUADIARO ESTUARIO VERDE;Nemo unde pariatur adipisci tenetur. In assumenda accusantium repellat aperiam.;http://lorempixel.com/371/277/nature/
284;PIEDRA FRONTERIZO PARDA;Quas iure numquam excepturi enim dolore consequuntur aliquam.;http://lorempixel.com/272/359/nature/
285;NACIMIENTOS ALGODONALES-LOS LAGARÍN;Placeat aliquam eius excepturi architecto dignissimos error ullam. Magni ratione consectetur hic assumenda ipsa. Dolorem tempora odio sequi.;http://lorempixel.com/252/272/nature/
286;DE BAHÍA DE;Placeat nisi maiores harum sint veritatis earum. Eligendi ut fuga culpa. Iste autem nulla consequatur. Consectetur officiis dolores aut quidem officiis cumque.;http://lorempixel.com/316/374/nature/
287;CORDERO DE DEL;Commodi minus debitis ab dolor velit. Ipsa ipsum voluptas fugiat dignissimos in. Alias quibusdam minus alias.;http://lorempixel.com/250/357/nature/
288;LOS DE DEL;Cumque nobis deserunt quo. Numquam excepturi totam maxime optio cum rem.;http://lorempixel.com/338/306/nature/
289;DEL SIERRA MONTECOCHE;Eligendi corrupti cumque sed veniam. Hic error repellendus repellendus.;http://lorempixel.com/240/212/nature/
290;GAIDOVAR DE DEL;Illum qui neque. Natus ducimus possimus illum.;http://lorempixel.com/206/266/nature/
291;DE PRISIONEROS DEL;Vero harum eveniet deleniti expedita. Excepturi a porro alias voluptas earum necessitatibus.;http://lorempixel.com/243/310/nature/
292;DE LOS RUTA;Commodi atque mollitia maxime corrupti exercitationem. Quos ipsam ducimus. Error accusamus ex.;http://lorempixel.com/249/221/nature/
293;CABRERO COVEZUELAS-CHARCA VERDE;Omnis dolor molestiae amet mollitia. Aut minus possimus ullam aperiam provident.;http://lorempixel.com/395/318/nature/
294;BARRIDA GARGANTA DEL;Nesciunt eveniet sed consequuntur minima libero. Nulla magnam quidem odio in. Delectus in deserunt voluptas ratione rem accusamus.;http://lorempixel.com/300/377/nature/
295;DE DOLMEN LAJARES;Fugit sint perspiciatis id velit. Laborum eligendi doloribus quasi voluptas saepe quae.;http://lorempixel.com/221/204/nature/
296;CAPITÁN DE RUTA;Ullam pariatur ducimus necessitatibus qui. Omnis beatae enim magni temporibus.;http://lorempixel.com/285/349/nature/
297;DE PUERTO SERRANO;Totam quas provident quas fuga at distinctio quam. Accusamus architecto occaecati aperiam iusto eos eum.;http://lorempixel.com/349/386/nature/
298;DE LA Y;Nisi beatae ab quas eius illum. Fugit provident iure optio et libero quaerat. Voluptatum eius placeat.;http://lorempixel.com/368/232/nature/
299;DE ALHAJA JARILLO-TORRE;Repellendus autem omnis.;http://lorempixel.com/306/292/nature/
300;FERNANDO SAN DE;Blanditiis mollitia quam sequi aut porro. Laborum praesentium consequuntur dolore eius fuga fugit. Atque accusamus commodi nostrum nobis debitis.;http://lorempixel.com/324/232/nature/
301;DE CAÑADA CORDERO;Beatae quia commodi perspiciatis ab rem consequatur. Quas incidunt labore unde iste.;http://lorempixel.com/200/319/nature/
302;CENTENARIO AURELIA CARISSA;Ab at tempore explicabo illum. Laborum nesciunt cupiditate est.;http://lorempixel.com/321/284/nature/
303;CARBONEROS ALTA SALINA;Architecto labore optio sed. Excepturi ab modi ea nemo repellat porro distinctio. Maxime totam maiores magnam nesciunt.;http://lorempixel.com/253/369/nature/
304;CERRO PUERTO DE;Alias molestias architecto nostrum dolor dolore. Illum nostrum doloremque molestias amet vel.;http://lorempixel.com/293/230/nature/
305;PINAR AGUILA DEL;Dolorum modi veritatis. Perferendis earum officia dolorum animi.;http://lorempixel.com/347/219/nature/
306;LAS GUAREÑAS PASADA;Eius dicta soluta quas vel distinctio numquam. Doloribus vitae veniam maxime laborum expedita.;http://lorempixel.com/388/232/nature/
307;SANTA DEL JESÚS;Qui ipsa at laboriosam similique at distinctio. Autem dolorem vitae suscipit ab placeat tempora. Aut quaerat similique odit esse nobis.;http://lorempixel.com/334/376/nature/
308;MOLINO BOYAL DEL;Officia tempore quo corrupti. Doloribus quisquam ipsam perferendis nulla.;http://lorempixel.com/309/247/nature/
309;PALANCAR DE CAÑOS-TORRE;Dignissimos cupiditate voluptates exercitationem nulla harum. Odio animi nihil similique. Cum sequi vero quos facilis. Ipsa quo neque unde rem.;http://lorempixel.com/233/331/nature/
310;ANTIGUA JANDA DE;Ipsa accusamus vero dignissimos maxime nobis. Quasi sunt quas qui ullam. Error quisquam maiores exercitationem sequi tempore.;http://lorempixel.com/219/254/nature/
311;PALOMINOS MAJACEITE LOS;Dolorem numquam quo iure autem. Voluptates quas facilis nam id fugit consectetur sit. Beatae soluta vitae temporibus iure.;http://lorempixel.com/335/235/nature/
312;RUTA VIAJERO QUEBRADAS;Expedita adipisci voluptatem nam quae eveniet quod. Eos rem atque dignissimos deserunt animi distinctio.;http://lorempixel.com/266/272/nature/
313;LA DE CAMINOS;Velit culpa est vitae. Iste eveniet ex aspernatur itaque labore quis.;http://lorempixel.com/208/282/nature/
314;DE RAMOS CHICLANA;Quaerat deserunt voluptates vitae dolorem voluptates cumque. Labore corrupti delectus earum.;http://lorempixel.com/206/251/nature/