eid;nombre_enoturismo;precio
0;TOUR RUTA DE LA CAÑADA DE MÁLAGA DE LOS POZOS;2242.02
1;TOUR FUENTES DEL RÍO HONDÓN DE BARRIDA;17857.49
2;TOUR COLADA DE EL BOSQUE-CAMINO DEL ESPINO AGUILILLAS - LAS GUAREÑAS;15495.75
3;TOUR VÍA VERDE DE BORNOS DEL BOQUERÓN;8730.78
4;TOUR PUERTA VERDE DE ALGECIRAS PUNTA CARNERO A GETARES;17734.46
5;TOUR ARROYO DE SAN CARLOS DEL TIRADERO ;12194.05
6;TOUR RIO ALHAJA VERDE DE SAN FERNANDO;7397.11
7;TOUR SUBIDA A LA CRUZ DEL TAJO DE UBRIQUE ERMITA Y EL SANTO;2404.75
8;TOUR SIERRA DEL CALVARIO DEL ARROYO DE LA GARGANTA DEL BOYAR;9492.41
9;TOUR PUENTE DE LOS PALOMINOS DE BENAJIMA;18425.45
10;TOUR DEHESA DEL BOYAR ALMORAIMA;20875.46
11;TOUR CORREDOR VERDE DOS BAHIAS. TRAMO IV DE FARDELA;12267.05
12;TOUR CARISSA AURELIA GARGANTE VERDE;17081.88
13;TOUR CAMINO DE LOS CHARCONES DE LÍBAR;2082.67
14;TOUR SUBIDA A LA CRUZ DEL TAJO DE UBRIQUE DEL RÍO HONDÓN;12056.54
15;TOUR EL PINSAPAR DE ROCHE;3591.96
16;TOUR CAÑADA REAL DE JEREZ A RONDA DE ROCHE;10216.76
17;TOUR SALINAS DEL RATÓN CALZADA ROMANA;24482.83
18;TOUR LOMAS GANADERAS DE JIMENA DE ALGECIRAS;23401.88
19;TOUR CORREDOR VERDE DEL LITORAL COSTA BALLENA-CHIPIONA DE CALAFATE;13068.38
20;TOUR MONTE DE LA TORRE Y TAJO;19960.93
21;TOUR LA PEÑA DEL MOLINO;15469.12
22;TOUR ARROYO CAÑUELO PUENTES ROMANOS DE MEDINA SIDONIA;14016.92
23;TOUR LAS ALBINAS DEL RAYO;23491.15
24;TOUR CAÑADA REAL DE JEREZ A RONDA DE LÍBAR;4597.55
25;TOUR SIERRA DEL CALVARIO MEDIEVAL DE GRAZALEMA;12126.34
26;TOUR VEREDA DE LA ASOMADA MUELA-LOS NACIMIENTOS;9985.08
27;TOUR ZONA RECREATIVA PINAR DEL REY DE CAOS;15782.97
28;TOUR PUERTO DE LAS PRESILLAS MONTERA DEL TORERO;22684.68
29;TOUR LA ATALAYA DEL RÍO PALMONES;19851.63
30;TOUR LA GARGANTE VERDE DE LA COSTA;5620.71
31;TOUR UN VIAJE EN EL TIEMPO VERDE DE JEREZ DE LA FRONTERA;10672.48
32;TOUR LA CALZADA ROMANA PLATERAS;20765.21
33;TOUR CANUTO DE RISCO BLANCO DE SAN BARTOLOMÉ;18528.09
34;TOUR LA MENACHA DE CAMINOS;5644.63
35;TOUR EL TESORILLO DE RAMOS;7456.92
36;TOUR LOMAS GANADERAS DE JIMENA DE LA CRUZ DE LA SIERRA DE LIJAR;11223.96
37;TOUR SUBIDA A LA SILLA DE BOGAS;6795.31
38;TOUR MONTE DE HIGUERÓN MAJACEITE;16864.58
39;TOUR PUERTA VERDE DE SAN FERNANDO ;6811.4
40;TOUR CERRO DEL TAMBOR ;17487.29
41;TOUR LA ATALAYA DE ESPERA;9196.43
42;TOUR CARISSA AURELIA DEL BOYAR;17553.56
43;TOUR PUERTO DEL BUJEO - HOYO DE DON PEDRO REAL DE CORDERO;15980.36
44;TOUR LAGUNAS DE ESPERA CALZADA ROMANA;17445.96
45;TOUR LLANO DEL RABEL DE LOS PALOMINOS;11576.03
46;TOUR LA SUARA DE LA JANDA;19922.01
47;TOUR VÍA VERDE DE LA SIERRA CALZADA ROMANA;17488.28
48;TOUR TORVISCALEJO-NACIMIENTO DEL HONDÓN TEJA;9652.2
49;TOUR VALLE DE OJÉN REAL DE CORDERO;3976.96
50;TOUR TRAVESIA DEL ALJIBE ALTO;6651.73
51;TOUR RUTA DE LOS MOLINOS DE SETENIL CAÑUELO;14359.08
52;TOUR GARGANTA DE BOGAS LADERA;8500.58
53;TOUR RUINAS DE ESPERILLA ALBINA;20113.76
54;TOUR LAGUNA DE LOS TOLLOS VERDE DE LA SIERRA;24175.67
55;TOUR ESCARPES DEL RIO TREJO GUADALMESÍ;20846.18
56;TOUR CAÑADA REAL DE JEREZ A RONDA DE RISCO BLANCO;11904.51
57;TOUR PUERTO DE BOLONIA-PULIDO DE CONIL;5418.94
58;TOUR MARISMAS DEL RÍO PALMONES DE LOS MOLINOS DE SETENIL;11195.74
59;TOUR TAJO DE ARCOS Y MARISMAS DE TREBUJENA;21240.59
60;TOUR CABO DE TRAFALGAR-CAÑOS DE MECA DE PALMITOS Y BARBECHOS;16974.5
61;TOUR MONTE ALGAIDA DE LOS FRANCESES;8381.95
62;TOUR PUERTA VERDE DE SAN FERNANDO PARDA;9843.61
63;TOUR PINAR DE LOS FRANCESES SALTILLO;12051.92
64;TOUR EL SALTADERO ALBINA;15326.85
65;TOUR PINAR DE LA ALGAIDA-SALINA DESAMPARADOS SETENIL A CAÑOS SANTOS;21754.69
66;TOUR GARGANTA DEL CAPITÁN MESA DEL ESPARRAGAL;19617.29
67;TOUR CORREDOR VERDE DEL LITORAL COSTA BALLENA-CHIPIONA AL RELOJ Y AL SIMANCÓN;3172.63
68;TOUR VÍA VERDE DE LA SIERRA CALZADA ROMANA;7439.67
69;TOUR CAMINO DEL GRULLO AL ALJIBE;11216.85
70;TOUR PUERTO DEL BUJEO - HOYO DE DON PEDRO DEL BARBATE;7363.72
71;TOUR SALINA SANTA MARÍA DE JESÚS DE LOS HURONES;6406.78
72;"TOUR ASCENSO AL TAJO LAGARÍN SALADA, CHICA Y JUNCOSA""";2514.57
73;TOUR LA ALMORAIMA DE LAS MOCITAS;12089.73
74;TOUR LA PEÑA CARBONEROS;6367.25
75;TOUR LA GARGANTE VERDE VERDE DOS BAHIAS. TRAMO IV;7519.23
76;TOUR TRAVESÍA DE LA SIERRA DE LAS CABRAS GUAREÑAS - PASADA DEL BOYAL;23423.34
77;TOUR COLADA DE LA COSTA DE LA ERA EMPEDRADA;8281.1
78;TOUR SUBIDA AL CERRO PICACHO DE PUERTO SERRANO DE LA CRUZ DE LA SIERRA DE LIJAR;18032.07
79;TOUR COLADA DE VENTA DE LECHE VERDE DEL PUERTO DE SANTA MARÍA;14943.89
80;TOUR ALGODONALES-LOS NACIMIENTOS DE LAS MOCITAS;10592.75
81;TOUR RÍO HOZGARGANTA AL TAJO LAGARÍN;9802.49
82;TOUR COLADA DE LA REGINOSA DEL TAJO;13052.88
83;TOUR CASTILLO MEDIEVAL DE GIGONZA PEDRIZA;7463.14
84;TOUR SUBIDA AL ALJIBE DE OJÉN;23130.29
85;TOUR ALBERITE PUNTA CARNERO A GETARES;22391.13
86;TOUR NACIMIENTO DE GARCIAGO DEL CAPITÁN;20194.9
87;TOUR EL CABRITO - PUERTO DEL BUJEO VERDE DOS BAHÍAS;24464.47
88;TOUR RIBERA DEL PALMONES CANALIZO DE LA SIERRA DE LÍJAR;10945.17
89;TOUR RUTA DE LOS BANDOLEROS DEL RÍO HONDÓN;14037.6
90;TOUR PUERTO DEL BUJEO - HOYO DE DON PEDRO VERDE DE SANLÚCAR DE BARRAMEDA;16288.07
91;TOUR LA MUELA-LOS NACIMIENTOS DE SAN ANTÓN;10480.5
92;TOUR GARGANTA DE PUERTO OSCURO ;12315.44
93;TOUR ASCENSIÓN AL RELOJ Y AL SIMANCÓN SECA Y PUERTO DE LA BREÑA;2889.42
94;TOUR CORREDOR VERDE DOS BAHIAS. TRAMO IV DEL MOLINO;14128.89
95;TOUR PASEO AL SANTUARIO DE NUESTRA SEÑORA DE LOS SANTOS DE OJÉN;20141.8
96;TOUR RUTA DEL VIAJERO DE CONIL;12744.85
97;TOUR PICACHO-PEGUERA PLATERAS;6049.02
98;TOUR LOS LLANOS DEL BERRAL ;15338.24
99;"TOUR PASEO DE LA CRUZ DE LA SIERRA DE LIJAR SALADA, CHICA Y JUNCOSA""";4013.07
100;TOUR LAS FUENTES PINSAPAR;15308.97
101;TOUR PICACHO-PEGUERA ATALAYA;3353.88
102;TOUR LAGUNAS LAS CANTERAS Y EL TEJÓN DE LAS MOCITAS;20424.61
103;TOUR SALINAS Y CAÑADAS DE PRADO DEL REY Y  EL BOSQUE VERDE DE JEREZ DE LA FRONTERA;8889.96
104;TOUR EL TREN DEL AZÚCAR LAGARÍN;13740.05
105;TOUR PUERTO DE BOLONIA-PULIDO ;2959.25
106;TOUR VÍA VERDE DE LA SIERRA DE LA MIEL;9924.84
107;TOUR LOS PUENTES ROMANOS DE MEDINA SIDONIA ;16980.8
108;TOUR CABO DE TRAFALGAR-CAÑOS DE MECA AURELIA;15082.27
109;TOUR CAÑADAS DE LA JANDA DE VALDEINFIERNO;16622.37
110;TOUR DOLMEN DE LOS LAJARES Y CANCHA BERMEJA VERDE DOS BAHIAS. TRAMO III;6159.62
111;TOUR TAJO DE ARCOS DE LÍBAR;6618.41
112;TOUR TORRE GUADALMESÍ DE EL BOSQUE-CAMINO DEL ESPINO;18402.48
113;TOUR LA CALZADA ROMANA CALZADA ROMANA;10485.36
114;TOUR SALINAS DOLORES DE LA ASOMADA;4541.15
115;TOUR SIERRAS DEL RETÍN Y LA PLATA DE LA PLAZA DE ARMAS;16963.97
116;TOUR LA ALBINA AL CERRO ALBARRACINEJO;13970.78
117;TOUR NAVAZO ALTO DE LOS HURONES;18172.88
118;TOUR TAJILLO Y TAJO DE ALGECIRAS;21656.88
119;TOUR UN VIAJE EN EL TIEMPO DEL GRULLO;12443.27
120;TOUR COLADA DE LA REGINOSA VERDE DOS BAHÍAS;18150.25
121;TOUR CASA DEL DORNAJO HOZGARGANTA;7641.53
122;TOUR DESCENSO DEL ARROYO DE LA GARGANTA DEL BOYAR TREN DEL AZÚCAR;22887.91
123;TOUR RUINAS DE ESPERILLA DE BOLONIA;23980.95
124;TOUR VEJER DE LA FRONTERA-PALOMAR DE LA BREÑA DE CAMINOS;13772.98
125;TOUR RUTA DEL VIAJERO VERDE DE SANLÚCAR DE BARRAMEDA;5977.72
126;TOUR CALAS DE ROCHE GUAREÑAS - LA SUARA;13361.09
127;TOUR SALTO DEL CABRERO DE LA COSTA;4406.15
128;TOUR GARGANTA DEL CAPITÁN DE LAS PALOMAS - CERRO DE COROS;9207.08
129;TOUR LAGUNA DE TARAJE Y SAN ANTONIO DE LAS MOCITAS;9266.33
130;TOUR CANUTO DEL ARROYO ALGAMASILLA CALZADA ROMANA;19803.39
131;TOUR CORDEL DE MORÓN-MIRADOR DE LAS TOSCAS DEL VIAJERO;18510.35
132;TOUR COMPLEJO ENDORREICO DE CHICLANA DEL EMBALSE DE BORNOS;9166.56
133;TOUR QUINTAS DE ALGAR DEL LITORAL DE ROTA;5674.57
134;TOUR SUBIDA AL MOGOTE FLUVIAL DEL RÍO PÍCARO;24136.3
135;TOUR CERRO DEL RAYO DEL MOLINO;6673.91
136;TOUR VÍA VERDE MATAGORDA SIERRAS DE ALGODONALES;8136.31
137;TOUR LOS PUENTES ROMANOS DE MEDINA SIDONIA SUARA;24447.79
138;TOUR PATRIMONIO FRONTERIZO DE LA PLAZA DE ARMAS;3294.86
139;TOUR LAS ALBINAS DE ROCHE;10395.15
140;TOUR ALGODONALES-LOS NACIMIENTOS VERDE DEL PUERTO DE SANTA MARÍA;23867.75
141;TOUR PUERTA VERDE DE JEREZ DE LA FRONTERA DE PUERTO OSCURO;18208.89
142;TOUR TAJO DEL PAJARRACO TORUÑOS;8757.04
143;TOUR SALTO DEL CABRERO VERDE DE JEREZ DE LA FRONTERA;9590.84
144;TOUR NAVAZO ALTO DE OJÉN;13794.42
145;TOUR RÍO ROCHE VERDE DEL PARQUE DE LAS CAÑADAS;15902.37
146;TOUR SUBIDA AL CERRO ALBARRACINEJO VERDE DEL LITORAL COSTA BALLENA-CHIPIONA;13069.04
147;TOUR GARGANTA DE BOGAS DEL RÍO PALMONES;24284.16
148;TOUR CAÑADA REAL LOS RATONES RURALES DE BENALUP-CASAS VIEJAS;5263.51
149;TOUR EL CABRITO - PUERTO DEL BUJEO DE LOS BATANES;11458.45
150;TOUR PUNTA DEL BOQUERÓN DE LA CAÑADA DE MÁLAGA;4310.39
151;TOUR LOS LANCES DE LOS PRISIONEROS;21644.67
152;TOUR SIERRA DEL CALVARIO DE SAN BARTOLOMÉ;17298.35
153;TOUR DESCENSO DEL ARROYO DE LA GARGANTA DEL BOYAR DEL GUADALETE;15633.2
154;TOUR LA ALMORAIMA CALZADA ROMANA;4778.92
155;TOUR LLANO DEL REPUBLICANO DE TARAJE Y SAN ANTONIO;19208.19
156;TOUR TAJO DE ARCOS DEL PAJARRACO;24852.77
157;TOUR SUBIDA AL CERRO PICACHO DE PUERTO SERRANO DEL PAJARRACO;23266.21
158;TOUR ASCENSO AL TAJO LAGARÍN DE LÍBAR;2732.35
159;TOUR LAS GUAREÑAS - LA SUARA SALTILLO;23440.19
160;TOUR FRONTERA FORESTAL DE CÁDIZ;4203.92
161;TOUR LOS TRES PINOS TEJA;19915.6
162;TOUR FARO CAMARINAL NACIMIENTOS;11026.87
163;TOUR GARGANTA DEL RAYO DEL RÍO PALMONES;21835.35
164;TOUR VEREDA DE BARBATE DEL AGUILA PINAR DEL REY;14908.89
165;TOUR CALAS DE CONIL REAL DE CORDERO;15737.95
166;TOUR ERMITA DE LOS REMEDIOS RURALES DE ROTA;11660.5
167;TOUR LAS PLATERAS DE CAMINOS;20525.29
168;TOUR ESTUARIO DEL GUADIARO MEDIEVAL DE GRAZALEMA;17915.58
169;TOUR MONTE DE LA TORRE ALBINA;19674.12
170;TOUR PUENTE DE LOS PALOMINOS ;15777.86
171;TOUR LAGUNA DE LOS TOLLOS ROCINEJO;24118.75
172;TOUR RUTA DEL VIAJERO HONDO;22412.31
173;TOUR VEJER DE LA FRONTERA-CANTARRANAS DE LA CAÑADA DE MÁLAGA;9250.08
174;TOUR SUBIDA A LA CRUZ DEL TAJO DE UBRIQUE AL CERRO PICACHO DE PUERTO SERRANO;4805.22
175;TOUR SALINAS Y MARISMAS DE TREBUJENA DE TRAFALGAR-CONIL DE LA FRONTERA;14693.58
176;TOUR GARGANTA DEL RAYO CARRASCÓN;21689.17
177;TOUR LA MUELA-LOS NACIMIENTOS DUNAR DE TORRE NUEVA;9902.01
178;TOUR LOS LANCES DE LA ASOMADA;19579.39
179;TOUR MURTA REAL DE JEREZ A RONDA;6535.83
180;TOUR LA MONTERA DEL TORERO HONDO;6960.1
181;TOUR LA PEDRIZA DE LA FRONTERA-VEJER DE LA FRONTERA;16561.25
182;TOUR PATRIMONIO FRONTERIZO DEL ARROYO DE LA GARGANTA DEL BOYAR;13941.94
183;TOUR CARISSA AURELIA DE LA ASOMADA;14645.09
184;TOUR VEJER DE LA FRONTERA-CANTARRANAS DE LA CAÑADA DE MÁLAGA;22878.02
185;TOUR JARILLO-TORRE DE MECA SUARA;7824.19
186;TOUR RIBERA DE GAIDOVAR DEL BOYAR;11969.81
187;TOUR LA SUARA LAGARÍN;23337.44
188;TOUR SUBIDA AL TAJO DE UTRERA BODEGA;2577.24
189;TOUR PIEDRA PARDA FORESTAL;3041.4
190;TOUR VEREDA DE LA ASOMADA DE TARAJE Y SAN ANTONIO;24627.68
191;TOUR LAS AGUILILLAS - LAS GUAREÑAS LAS CANTERAS Y EL TEJÓN;3736.53
192;TOUR GARGANTA DE BOGAS DOLORES;17030.01
193;TOUR SALINAS Y MARISMAS DE TREBUJENA DE FUENTE AMARGA;19011.7
194;TOUR RUTA DE LOS BANDOLEROS CARBONEROS;4280.4
195;TOUR RIO MAJACEITE ALTA;24220.46
196;TOUR CERRO DEL CHARCO DEL CALVARIO;24467.13
197;TOUR RÍO GUADALMESÍ VERDE DE CHICLANA;10706.5
198;TOUR GARGANTA DE BARRIDA ACANTILADO;18559.98
199;TOUR LAGUNA DE MEDINA DEL GUADALETE;4270.48
200;TOUR ALGODONALES-LOS NACIMIENTOS ALGARBES-BETIJUELO;11653.44
201;TOUR VALLE DE OJÉN AGUILILLAS - LAS GUAREÑAS;5561.51
202;TOUR SUBIDA A LA CRUZ DEL TAJO DE UBRIQUE DE HIGUERÓN;23656.8
203;TOUR LAGUNA DE TARAJE Y SAN ANTONIO GUADALMESÍ;14572.09
204;TOUR RIO ALHAJA FUENTES;16885.52
205;TOUR LA PRESA DEL EMBALSE DE BARBATE VERDE DE SAN FERNANDO;19617.89
206;TOUR CAÑADAS DE LA JANDA GUADALMESÍ;6413.45
207;"TOUR DEHESA DE ROCHE SALADA, CHICA Y JUNCOSA""";4879.15
208;TOUR LOS TRES PINOS TREN DEL AZÚCAR;3757.72
209;TOUR CORDEL DE MORÓN-MIRADOR DE LAS TOSCAS DE LOS LAJARES Y CANCHA BERMEJA;9053.23
210;TOUR CALZADA MEDIEVAL DE GRAZALEMA AL CERRO ALBARRACINEJO;14175.68
211;TOUR PUERTO DE BOLONIA-PULIDO TRES PINOS;17778.14
212;TOUR LAS GUAREÑAS - LA SUARA DE ROCHE;18705.14
213;TOUR CANUTO DE RISCO BLANCO NACIMIENTOS;10303.53
214;TOUR LA MENACHA DE CHAVARRIA;4189.67
215;TOUR CALZADA MEDIEVAL DE GRAZALEMA PINSAPAR;8194.44
216;TOUR CORREDOR VERDE DOS BAHIAS. TRAMO I DE LAS PALOMAS - CERRO DE COROS;24538.95
217;TOUR ANTIGUA SALINA-FANGOS MAREALES DEL RÍO BARBATE DEL GUADALETE;6375.45
218;TOUR LAS PLATERAS ANTIGUA LAGUNA DE LA JANDA;2956.69
219;TOUR CERRO DEL CHARCO TREN DEL AZÚCAR;22676.5
220;TOUR LAGUNAS DE ESPERA DEL MOLINO;22037.24
221;TOUR LA LADERA DE LOS CHARCONES;10928.36
222;TOUR FUENTE DE RAMOS MONTERA DEL TORERO;16203.7
223;TOUR GARGANTA DE BARRIDA AL PICO ALBARRACÍN;11613.12
224;TOUR LA GARGANTE VERDE LA TAPA;3601.07
225;TOUR SUBIDA AL PICO ALBARRACÍN DE VALDEINFIERNO;18813.44
226;TOUR GARGANTA DE BOGAS DE LOS PESCADORES;16431.02
227;TOUR FÁBRICAS DE LUZ DEL BOYAL- LA SUARA;4112.37
228;TOUR CASA DEL DORNAJO HOZGARGANTA;20339.71
229;"TOUR EL CABRITO - PUERTO DEL BUJEO SALADA, CHICA Y JUNCOSA""";13585.03
230;TOUR EL CARRASCÓN DEL HONDÓN;6650.22
231;TOUR PASEO DE LA CRUZ DE LA SIERRA DE LIJAR ALTO DE EL BOSQUE;21717.56
232;TOUR CORDEL DE MORÓN-MIRADOR DE LAS TOSCAS ALTO;24980.44
233;TOUR FUENTES DEL RÍO HONDÓN ;19969.43
234;TOUR SUBIDA A LA SILLA ;21468.77
235;TOUR ZAHARA DE LOS ATUNES-ATLANTERRA DE OJÉN;21619.59
236;TOUR ARROYO DE VALDEINFIERNO DE LOS MOLINOS;19332.3
237;TOUR DEHESA DE ROCHE DE LOS ATUNES-ATLANTERRA;14376.12
238;TOUR LA EXTENSA VEGA DE BORNOS MUELA-LOS NACIMIENTOS;4638.22
239;TOUR LA ALBINA DE LA SIERRA DE LAS CABRAS;22234.21
240;TOUR LA PRESA DEL EMBALSE DE BARBATE PARDA;20554.05
241;"TOUR ANTIGUA SALINA-FANGOS MAREALES DEL RÍO BARBATE SALADA, CHICA Y JUNCOSA""";2021.03
242;TOUR RUTA DEL VIAJERO DEL FRESNILLO;21649.68
243;TOUR PUERTA VERDE DE SAN ROQUE DE LAS PALOMAS - CERRO DE COROS;23587.16
244;TOUR PIEDRA PARDA DE LA ASOMADA;6605.61
245;TOUR CAÑADA REAL LOS RATONES TESORILLO;6531.53
246;TOUR LOMAS GANADERAS DE JIMENA ;16648.64
247;TOUR COLA DEL EMBALSE DE ARCOS SUARA;21967.34
248;TOUR ARROYO CAÑUELO DEL GUADALETE;13216.24
249;TOUR RUTA DE LOS MOLINOS DE SETENIL PEÑA;20949.94
250;TOUR OJO DEL MORO ;6058.74
251;TOUR DEHESA DE ROCHE Y TAJO;16047.51
252;TOUR SUBIDA AL CERRO PICACHO DE PUERTO SERRANO DE LA FRONTERA-VEJER DE LA FRONTERA;13309.39
253;TOUR RIBERA DEL EMBALSE DE BORNOS DE LA ALGAIDA-SALINA DESAMPARADOS;23012.81
254;TOUR GARGANTA DE BOGAS AL CERRO VERDUGO;14975.8
255;TOUR LAGUNAS DE ESPERA PEDRIZA;22288.14
256;TOUR LA CALZADA DEHESA BOYAL TESORILLO;10982.09
257;TOUR LAS GUAREÑAS - LA SUARA DE BOGAS;16455.62
258;TOUR CAÑADA REAL DE CORDERO DEL AGUILA PINAR DEL REY;18570.27
259;"TOUR CERRO DE LA PLAZA DE ARMAS SALADA, CHICA Y JUNCOSA""";21846.13
260;TOUR DUNAS DE SAN ANTÓN DE LÍBAR;13186.99
261;TOUR SILLA DEL PAPA DUNAR DE TORRE NUEVA;11227.44
262;TOUR SALINAS DEL RATÓN Y CAÑADAS DE PRADO DEL REY Y EL BOSQUE;6552.46
263;TOUR LA SUARA DE HIGUERÓN;11876.29
264;TOUR SUBIDA AL ALJIBE ;24777.79
265;TOUR LA EXTENSA VEGA DE BORNOS Y CAÑADAS DE PRADO DEL REY Y EL BOSQUE;17210.5
266;TOUR SALINA SANTA MARÍA DE JESÚS DEL CABRERO;10645.03
267;TOUR ANTIGUA SALINA-FANGOS MAREALES DEL RÍO BARBATE A LA CRUZ DEL TAJO DE UBRIQUE;16004.76
268;TOUR SENDA DE LOS PRISIONEROS MENACHA;19231.74
269;TOUR ALGODONALES-LOS NACIMIENTOS DEL FRESNILLO;5543.0
270;TOUR SUBIDA AL PICACHO DE ALGAR;22312.01
271;TOUR LAS PLATERAS CALZADA ROMANA;17684.55
272;TOUR DUNAS DE SAN ANTÓN DE LOS BANDOLEROS;24266.64
273;TOUR CORDEL DE MORÓN-MIRADOR DE LAS TOSCAS DE SAN AMBROSIO;23096.22
274;TOUR LOS ALGARBES-BETIJUELO ZAHARA - EL GASTOR;13224.19
275;TOUR PINAR DE LA ALGAIDA-SALINA DESAMPARADOS DE LOS ATUNES-ATLANTERRA;4449.72
276;TOUR LA MESA DEL ESPARRAGAL DEL MORO;19537.23
277;TOUR CAMPOBUCHE DE LA JANDA;24890.49
278;TOUR CERROS DE PALMITOS Y BARBECHOS QUEBRADAS;12107.86
279;TOUR SALINA SANTA MARÍA DE JESÚS VERDE DOS BAHIAS. TRAMO II;21986.04
280;TOUR ARROYO DE VALDEINFIERNO DEL BARBATE;12219.75
281;TOUR PUERTO DE LAS PRESILLAS DEL BUJEO - HOYO DE DON PEDRO;14195.36
282;TOUR CABO DE TRAFALGAR-CAÑOS DE MECA DE ESPERA;9018.13
283;TOUR LA PEDRIZA DE PUERTO OSCURO;9072.58
284;TOUR BARBATE-ERMITA DE SAN AMBROSIO DE CALAFATE;10456.13
285;TOUR PUERTA VERDE DE LA LÍNEA DE LA CONCEPCIÓN DEL CALVARIO;20470.73
286;TOUR SUBIDA AL PICACHO DE LOS CHARCONES;23056.59
287;TOUR SIERRA DE LAS VIÑAS DE MEDINA;2606.78
288;TOUR PUERTA VERDE DE JEREZ DE LA FRONTERA DE LA TORRE;2061.85
289;TOUR ZONA RECREATIVA PINAR DEL REY DE GAIDOVAR;8163.87
290;TOUR OJO DEL MORO MAJACEITE;5526.47
291;TOUR LAS ALBINAS DE TRAFALGAR-CAÑOS DE MECA;8705.1
292;TOUR ROJITAN DEL GRULLO;2238.08
293;TOUR BENALUP-FACINAS DE TRAFALGAR-CONIL DE LA FRONTERA;10718.46
294;TOUR DUNA DE BOLONIA ANTIGUA LAGUNA DE LA JANDA;10312.45
295;TOUR PUERTA VERDE DE SAN FERNANDO DE BARBATE;11602.48
296;TOUR LOS LANCES SECA Y PUERTO DE LA BREÑA;13825.3
297;TOUR UN VIAJE EN EL TIEMPO DEL ARROYO DE LA GARGANTA DEL BOYAR;19093.57
298;TOUR SUBIDA AL CERRO PICACHO DE PUERTO SERRANO DE LOS BATANES;22936.95
299;TOUR EL CANALIZO DE LA SIERRA DE LÍJAR DE CÁDIZ;6483.55
300;TOUR LA MUELA-LOS NACIMIENTOS AL MOGOTE;2344.0
301;TOUR CABO DE TRAFALGAR-CAÑOS DE MECA RECREATIVA PINAR DEL REY;17946.98
302;TOUR DEHESA DE ROCHE DE FUENTE AMARGA;22426.78
303;TOUR PASADA DEL BOYAL- LA SUARA DEL VIAJERO;17809.52
304;TOUR ENCINAR DE VICOS DE LAS PRESILLAS;16331.53
305;TOUR LOMAS GANADERAS DE JIMENA ;4673.3
306;TOUR LA TEJA DE MECA;23870.46
307;TOUR PUERTO DEL BUJEO - HOYO DE DON PEDRO VERDE DOS BAHIAS. TRAMO I;17286.44
308;TOUR LAS QUEBRADAS CABRITO - PUERTO DEL BUJEO;10408.13
309;TOUR ARROYO DE VALDEINFIERNO SUARA;8238.74
310;TOUR LA MENACHA LAGARÍN;15444.45
311;TOUR LAS GUAREÑAS - LA SUARA DEL HONDÓN;18531.15
312;TOUR ALGODONALES-LOS NACIMIENTOS VERDE DOS BAHIAS. TRAMO I;23815.38
313;TOUR PASEO AL SANTUARIO DE NUESTRA SEÑORA DE LOS SANTOS DEL RAYO;15008.26
314;TOUR CAÑADA REAL DE CORDERO TOLETA;11919.7
315;TOUR CALAS DE ROCHE DEL ARROYO DE LA GARGANTA DEL BOYAR;4880.48
316;TOUR CORREDOR VERDE DOS BAHIAS. TRAMO II DEL CENTENARIO;23978.12
317;TOUR VEREDA DE LA ASOMADA DE LA MORITA;24098.77
318;TOUR TORRE GUADALMESÍ LOMAS DE CÁMARA;19724.11
319;TOUR PUERTA VERDE DE JEREZ DE LA FRONTERA TRES PINOS;19507.23
320;TOUR RÍO GUADALMESÍ DEL MORO;11808.0
321;TOUR COVEZUELAS-CHARCA VERDE TREN DEL AZÚCAR;6627.95
322;TOUR PRESA DEL FRESNILLO DE OJÉN;4018.23
323;TOUR CASTILLO MEDIEVAL DE GIGONZA DEL REPUBLICANO;15965.62
324;TOUR SUBIDA A LA CRUZ DEL TAJO DE UBRIQUE CANALIZO DE LA SIERRA DE LÍJAR;14377.58
325;TOUR TAVIZNA-EMBALSE DE LOS HURONES DE ROCHE;22512.24
326;TOUR RÍO HOZGARGANTA SETENIL A CAÑOS SANTOS;21750.3
327;TOUR LLANO DEL REPUBLICANO DE SAN ANTÓN;3605.5
328;TOUR LA MONTERA DEL TORERO ALTO;20009.89
329;TOUR LA CALZADA ROMANA DEL GRULLO;13455.6
330;TOUR SANTUARIO DEL BACINETE AL PICO ALBARRACÍN;20356.88
331;TOUR CASA DEL DORNAJO DE LAS MOCITAS;6717.98
332;TOUR BRAÑAHONDA DE LOS FRANCESES;9592.5
333;TOUR CALAS DE ROCHE DE LOS PRISIONEROS;10379.25
334;TOUR CAÑADA REAL DE CORDERO SUARA;9688.3
335;TOUR GARGANTA DE BARRIDA PALANCAR;8523.91
336;TOUR SIERRA DE MONTECOCHE VERDE DE LA SIERRA;22238.93
337;TOUR QUINTAS DE ALGAR VERDE DE SANLÚCAR DE BARRAMEDA;6305.83
338;TOUR SILLA DEL PAPA DE MORÓN-MIRADOR DE LAS TOSCAS;18953.41
339;TOUR GARGANTA DE MILLAN NACIMIENTOS;4906.32
340;TOUR BUITRERAS DE ZAFRAMAGÓN MUELA-LOS NACIMIENTOS;12440.16
341;TOUR SENDA DE LOS PRISIONEROS DEL PALMONES;24719.54
342;TOUR EL PALANCAR VERDE DE SAN ROQUE;16266.44
343;TOUR CERRO DE LA PLAZA DE ARMAS CANALIZO DE LA SIERRA DE LÍJAR;21762.36
344;TOUR VEREDA DE UBRIQUE - ASOMADILLA DE LA TORRE;11448.79
345;TOUR RUTA DE LOS MOLINOS DE SETENIL PUENTES ROMANOS DE MEDINA SIDONIA;16239.58
346;TOUR CANUTO DE RISCO BLANCO SALTILLO;21795.26
347;TOUR UN VIAJE EN EL TIEMPO SALINA-FANGOS MAREALES DEL RÍO BARBATE;10215.27
348;TOUR GARGANTA DEL RAYO VERDE DE CHICLANA;8654.28
349;TOUR LAS VENTAS TRASHUMANTES DEL PALMONES;4763.01
350;TOUR SIERRA DE LAS VIÑAS DE LOS ATUNES-ATLANTERRA;9153.93
351;TOUR CAMINO DE LOS CHARCONES TRES PINOS;21311.72
352;TOUR TRES AMIGOS - RÍO ARILLO DEL ARROYO DE LA GARGANTA DEL BOYAR;16814.68
353;TOUR TORRE DEL TAJO DE LA ERA EMPEDRADA;4561.91
354;TOUR DEL ACANTILADO DE RISCO BLANCO;18450.22
355;TOUR VEGA DEL GUADIARO VERDE DE LA LÍNEA DE LA CONCEPCIÓN;3545.79
356;TOUR ARROYO DE SAN CARLOS DEL TIRADERO SIERRAS DE ALGODONALES;22872.58
357;TOUR SUBIDA AL CERRO VERDUGO DE LOS TOLLOS;6674.1
358;TOUR CERRO DEL TAMBOR DEL FRESNILLO;19685.37
359;TOUR OJO DEL MORO SALTADERO;7748.68
360;TOUR BARBATE-ERMITA DE SAN AMBROSIO DEL VIAJERO;14370.85
361;TOUR PARQUE DEL CENTENARIO TORREÓN;19659.81
362;TOUR CALAS DE ALGECIRAS DE LOS CHARCONES;20392.23
363;TOUR LAS LOMAS DE CÁMARA DEL RETÍN Y LA PLATA;4199.19
364;TOUR SIERRA DE FATES REAL DE JEREZ A RONDA;18401.32
365;TOUR SIERRA DE LAS VIÑAS DE BOLONIA-PULIDO;7456.28
366;TOUR DEHESA DEL BOYAR SIERRAS DE ALGODONALES;10762.53
367;TOUR LAS SIERRAS DE ALGODONALES DEL RIO TREJO;13585.19
368;TOUR MARISMAS DEL BARBATE DEL ARROYO ALGAMASILLA;11917.78
369;TOUR EL CARRASCÓN DUNAR DE TORRE NUEVA;5979.26
370;TOUR LA MENACHA DE LA PLAZA DE ARMAS;11291.13
371;TOUR VÍA VERDE DE LA COSTA NOROESTE DE UBRIQUE - ASOMADILLA;21316.67
372;TOUR PUERTA VERDE DE SANLÚCAR DE BARRAMEDA DE LOS CHARCONES;8474.42
373;TOUR TRAVESIA DEL ALJIBE DE LA ALGAIDA-SALINA DESAMPARADOS;7048.82
374;TOUR CAMPOBUCHE PUNTA CARNERO A GETARES;9143.77
375;TOUR GARGANTA DE BOGAS DEL AGUILA PINAR DEL REY;5624.21
376;TOUR CABO DE TRAFALGAR-CONIL DE LA FRONTERA DEL RAYO;2809.53
377;TOUR EL SALTADERO DE LOS FRANCESES;11162.97
378;TOUR ZAHARA DE LOS ATUNES-ATLANTERRA Y CAÑADAS DE PRADO DEL REY Y EL BOSQUE;19081.37
379;TOUR LA CALZADA ROMANA DEL ALJIBE;14001.15
380;TOUR CASTILLO MEDIEVAL DE GIGONZA PINSAPAR;8774.09
381;TOUR CAÑADA REAL DE CORDERO DE MORÓN-MIRADOR DE LAS TOSCAS;12911.19
382;TOUR DOLMEN DE LOS LAJARES Y CANCHA BERMEJA DEL PALMONES;5896.66
383;"TOUR ""LAGUNAS SALADA, CHICA Y JUNCOSA"" DEL RÍO PALMONES";16956.53
384;TOUR PINAR DE LA ALGAIDA-SALINA DESAMPARADOS VERDE DOS BAHIAS. TRAMO IV;23559.96
385;TOUR COLADA DE EL BOSQUE-CAMINO DEL ESPINO ;13756.15
386;TOUR MARISMAS DEL BARBATE ALGAIDA;15660.88
387;TOUR ENCRUCIJADA DE CAMINOS ZAHARA - EL GASTOR;11283.16
388;TOUR LA CALZADA DEHESA BOYAL DE SAN CARLOS DEL TIRADERO;20890.83
389;TOUR CABO DE TRAFALGAR-CAÑOS DE MECA DE SAN ANTÓN;17196.17
390;TOUR LOMA DE SAN BARTOLOMÉ FRONTERIZO;15401.23
391;"TOUR ""LAGUNAS SALADA, CHICA Y JUNCOSA"" DE LA FRONTERA-PALOMAR DE LA BREÑA";17352.77
392;TOUR VEREDA DE UBRIQUE - ASOMADILLA DE LAS FIGURAS;12939.6
393;TOUR ERMITA DE LOS REMEDIOS DE VENTA DE LECHE;7679.94
394;TOUR COLADA DE LA REGINOSA DE LAS FIGURAS;11894.74
395;TOUR ERMITA DE LOS REMEDIOS MUELA-LOS NACIMIENTOS;14442.05
396;TOUR EL TORREÓN ALTO DE EL BOSQUE;12563.87
397;TOUR FÁBRICAS DE LUZ DE LOS TOLLOS;4826.4
398;TOUR LLANO DEL RABEL DE LAS VIÑAS;21296.41
399;TOUR RUTA DE LA PLAYA DE LA BARROSA ROCINEJO;24924.96
400;TOUR JARILLO-TORRE DE MECA PUNTA CARNERO A GETARES;17221.63
401;TOUR CAMINO DE CALAFATE VERDE DEL PARQUE DE LAS CAÑADAS;18969.25
402;TOUR VEJER DE LA FRONTERA-PALOMAR DE LA BREÑA PUNTA CARNERO A GETARES;10278.0
403;TOUR VEJER DE LA FRONTERA-CANTARRANAS PARDA;5132.32
404;TOUR CAMINO DE CALAFATE DEL CALVARIO;18244.83
405;TOUR LA PRESA DEL EMBALSE DE BARBATE SALINA-FANGOS MAREALES DEL RÍO BARBATE;11188.44
406;TOUR EL CANALIZO DE LA SIERRA DE LÍJAR PLATERAS;24817.56
407;TOUR COLA DEL EMBALSE DE BORNOS MAJACEITE;20139.26
408;TOUR VÍA VERDE DE LA SIERRA DEL PAJARRACO;14065.42
409;TOUR SUBIDA AL CERRO ALBARRACINEJO DE LA ERA EMPEDRADA;13280.4
410;TOUR LA ERMITA Y EL SANTO AL PICO ALBARRACÍN;19859.74
411;TOUR CAMINO DE LA ERA EMPEDRADA DE BOGAS;22621.78
412;TOUR COLADA DE LA COSTA DEL GRULLO;18336.79
413;TOUR DEL ACANTILADO DE LOS MOLINOS DE SETENIL;5594.97
414;TOUR SALINAS Y MARISMAS DE TREBUJENA DE VICOS;11385.73
415;TOUR EL TORREÓN DE LA PLAYA DE LA BARROSA;23588.29
416;TOUR HUERTA LAGARÍN DE TARAJE Y SAN ANTONIO;19473.91
417;TOUR RÍO DE LA MIEL DE LA PLAYA DE LA BARROSA;13191.28
418;TOUR VEREDA DE UBRIQUE - ASOMADILLA AMIGOS - RÍO ARILLO;22126.78
419;TOUR PINAR DE LA ALGAIDA-SALINA DESAMPARADOS DE EL BOSQUE-CAMINO DEL ESPINO;24419.48
420;TOUR CAMPOBUCHE DE MONTECOCHE;9705.39
421;TOUR MONTE DE LA TORRE RURALES DE ROTA;24885.96
422;TOUR LAGUNA DE LOS TOLLOS VERDE DE SAN ROQUE;4146.42
423;TOUR DEHESA DE ROCHE EXTENSA VEGA DE BORNOS;18084.63
424;TOUR EL TESORILLO SANTA MARÍA DE JESÚS;3685.21
425;TOUR TAJO DE ARCOS Y CAÑADAS DE PRADO DEL REY Y EL BOSQUE;2059.91
426;TOUR RIO ALHAJA VERDE DE LA COSTA NOROESTE;17160.05
427;TOUR RIO MAJACEITE DEL EMBALSE DE BORNOS;16372.23
428;TOUR LOS PUENTES ROMANOS DE MEDINA SIDONIA DEL AGUILA PINAR DEL REY;2973.26
429;TOUR CAÑOS-TORRE DE MECA SALTADERO;12702.56
430;TOUR SUBIDA AL MOGOTE VERDE DOS BAHIAS. TRAMO I;21845.89
431;TOUR LA ERMITA Y EL SANTO DE BOLONIA-PULIDO;9939.64
432;TOUR PARQUE DEL CENTENARIO ACANTILADO;4337.44
433;TOUR ESTUARIO DEL GUADIARO A LA CRUZ DEL TAJO DE UBRIQUE;24303.61
434;TOUR CONIL DE LA FRONTERA-VEJER DE LA FRONTERA DE LA CRUZ DE LA SIERRA DE LIJAR;5214.26
435;TOUR ARROYO CAÑUELO VERDE DE LA SIERRA;14093.35
436;TOUR TORVISCALEJO-NACIMIENTO DEL HONDÓN LAS CANTERAS Y EL TEJÓN;3711.37
437;TOUR SALINA LA TAPA DE EL BOSQUE-CAMINO DEL ESPINO;20327.63
438;TOUR COVEZUELAS-CHARCA VERDE ANTIGUA LAGUNA DE LA JANDA;13723.58
439;TOUR LAS AGUILILLAS - LAS GUAREÑAS DEL LITORAL DE ROTA;10459.59
440;TOUR CERRO DEL CHARCO DE LA PLAZA DE ARMAS;22764.44
441;TOUR CERRO DE LOS BATANES DEL PAPA;19982.21
442;TOUR VEREDA DE BARBATE TRES PINOS;19318.58
443;TOUR CERRO DE LA PLAZA DE ARMAS DEL ARROYO ALGAMASILLA;12574.77
444;TOUR VEREDA DE LA ASOMADA DEL GUADIARO;16932.7
445;TOUR LAS GUAREÑAS - PASADA DEL BOYAL VERDE DE SAN FERNANDO;17093.41
446;TOUR SIERRA DE FATES DE LOS CHARCONES;10065.5
447;TOUR CARISSA AURELIA TESORILLO;21345.98
448;TOUR RIO MAJACEITE DEL GUADIARO;3865.53
449;TOUR EL CAÑILLO ;8932.8
450;TOUR LA MUELA-LOS NACIMIENTOS DE LÍBAR;17188.07
451;TOUR CAMINO ALTO DE EL BOSQUE DE SAN ANTÓN;19133.06
452;TOUR CASTILLO MEDIEVAL DE GIGONZA DE LA TORRE;15017.3
453;TOUR GARGANTA DE PUERTO OSCURO DE LA FRONTERA-VEJER DE LA FRONTERA;11437.97
454;TOUR LAGUNAS LAS CANTERAS Y EL TEJÓN DE CÁDIZ;22763.87
455;TOUR PUERTA VERDE DE SAN FERNANDO AL SANTUARIO DE NUESTRA SEÑORA DE LOS SANTOS;17566.92
456;TOUR LA ALMORAIMA DE LOS FRANCESES;12856.92
457;TOUR EL CANALIZO DE LA SIERRA DE LÍJAR Y MARISMAS DE TREBUJENA;3869.92
458;TOUR LOMO DEL JUDÍO DE TRAFALGAR-CAÑOS DE MECA;20920.7
459;TOUR SUBIDA AL ALJIBE DE LOS CHARCONES;9693.35
460;TOUR GARGANTA DE BARRIDA CALZADA ROMANA;3544.6
461;TOUR JARILLO-TORRE DE MECA DE FATES;21908.71
462;TOUR CAMINO DE LOS PESCADORES Y MARISMAS DE TREBUJENA;4983.55
463;TOUR SUBIDA AL PICO ALBARRACÍN AURELIA;5920.53
464;TOUR RÍO DE LA MIEL DEL CHARCO;20092.24
465;TOUR LOS ALGARBES-BETIJUELO DEL CABRERO;9409.48
466;TOUR BENALUP-FACINAS ;14057.57
467;TOUR CERRO DE LA PLAZA DE ARMAS DE LA COSTA;4359.57
468;TOUR PASEO AL SANTUARIO DE NUESTRA SEÑORA DE LOS SANTOS ;3391.67
469;TOUR VEJER DE LA FRONTERA-CANTARRANAS ENDORREICO DE CHICLANA;14267.07
470;TOUR VEREDA DE UBRIQUE - ASOMADILLA DE ROCHE;9702.65
471;TOUR BENALUP-FACINAS DEL LITORAL DE ROTA;2596.16
472;TOUR CAMINO DE CHAVARRIA ANTIGUA LAGUNA DE LA JANDA;8468.72
473;TOUR LA ALMORAIMA DE EL BOSQUE-CAMINO DEL ESPINO;8115.19
474;TOUR BARBATE-ERMITA DE SAN AMBROSIO MUELA-LOS NACIMIENTOS;6809.84
475;TOUR CORREDOR VERDE DOS BAHIAS. TRAMO III DE HIGUERÓN;4657.2
476;TOUR RUTA ZAHARA - EL GASTOR A LA CRUZ DEL TAJO DE UBRIQUE;7667.65
477;TOUR EL CABRITO - PUERTO DEL BUJEO DE LA ERA EMPEDRADA;13024.18
478;TOUR CASA DE FARDELA DEL JUDÍO;12003.66
479;TOUR LA TOLETA DE TRAFALGAR-CONIL DE LA FRONTERA;9482.44
480;TOUR GR-7 DEL RÍO HONDÓN;18782.42
481;TOUR GARGANTA SECA Y PUERTO DE LA BREÑA VERDE DE SAN ROQUE;22209.62
482;TOUR CABO DE TRAFALGAR-CAÑOS DE MECA VERDE DOS BAHIAS. TRAMO II;11190.49
483;TOUR LA ALBINA AL PICACHO;9597.96
484;TOUR CAÑADA REAL DE CORDERO ALBINAS;7717.93
485;TOUR DEHESA DE ROCHE AL CERRO VERDUGO;22353.26
486;TOUR VEREDA DE LA ASOMADA DE TARAJE Y SAN ANTONIO;21590.6
487;TOUR COLA DEL EMBALSE DE ARCOS AL PICACHO;10972.45
488;TOUR FARO CAMARINAL FRONTERIZO;21960.57
489;TOUR PICACHO-PEGUERA DE ESPERA;23334.48
490;TOUR RUTA ZAHARA - EL GASTOR DE LÍBAR;22832.3
491;TOUR ANTIGUA SALINA-FANGOS MAREALES DEL RÍO BARBATE VERDE DEL PARQUE DE LAS CAÑADAS;4353.88
492;TOUR CASTILLO MEDIEVAL DE GIGONZA DEL CHARCO;20978.79
493;TOUR DESCENSO DEL ARROYO DE LA GARGANTA DEL BOYAR FORESTAL;7267.09
494;TOUR PUERTA VERDE DE SAN FERNANDO CAÑUELO;16463.52
495;TOUR DEHESA DEL BOYAR DE LOS PESCADORES;6394.63
496;TOUR CALAS DE CONIL DE LA ERA EMPEDRADA;9736.63
497;TOUR BENALUP-FACINAS SALTADERO;18012.09
498;TOUR GARGANTA DEL RAYO VERDE DE SAN FERNANDO;9944.5
499;TOUR ALGODONALES-LOS NACIMIENTOS AL MOGOTE;8271.34
500;TOUR LAGUNAS DE ESPERA CABRITO - PUERTO DEL BUJEO;8972.23
501;TOUR COLADA DE VENTA DE LECHE DE LA MORITA;18399.74
502;TOUR RÍO GUADALMESÍ REAL DE CORDERO;13759.02
503;TOUR FUENTES RURALES DE BENALUP-CASAS VIEJAS AL CERRO ALBARRACINEJO;17525.92
504;TOUR BAHÍA DE CÁDIZ VERDE DE CHICLANA;14798.48
505;TOUR TAJILLO Y TAJO DE RAMOS;3703.54
506;TOUR LAGUNA DE MEDINA DEL CENTENARIO;23498.14
507;TOUR SALINAS DEL RATÓN VERDE DE LA SIERRA;3083.9
508;TOUR LAGUNAS DE ESPERA CANALIZO DE LA SIERRA DE LÍJAR;18902.43
509;TOUR SUBIDA AL MOGOTE DE LOS ATUNES-ATLANTERRA;16073.88
510;TOUR PUERTO DE BOLONIA-PULIDO RURALES DE BENALUP-CASAS VIEJAS;24232.89
511;TOUR LA TEJA TOLETA;11696.06
512;TOUR CERRO DE LA PLAZA DE ARMAS DEL RIO TREJO;3350.7
513;TOUR RIO ALHAJA MEDIEVAL DE GIGONZA;8854.91
514;TOUR CERRO DEL CHARCO QUEBRADAS;10996.01
515;TOUR EL TREN DEL AZÚCAR VERDE;24823.75
516;TOUR TORRE DEL TAJO DE LOS BATANES;15137.65
517;TOUR LAS VENTAS TRASHUMANTES LA TAPA;12162.28
518;TOUR CANUTO DE RISCO BLANCO DE LOS BANDOLEROS;16260.89
519;TOUR RUINAS DE ESPERILLA SANTA MARÍA DE JESÚS;6484.45
520;TOUR LA ANTIGUA LAGUNA DE LA JANDA DEL ENDRINAL;12505.1
521;TOUR DEHESA DEL BOYAR SALTILLO;10632.96
522;TOUR LA ATALAYA VERDE DE JEREZ DE LA FRONTERA;8552.32
523;TOUR VEGA DEL GUADIARO DEL RIO TREJO;4938.56
524;TOUR BARRANCO HONDO DE MECA;20521.14
525;TOUR DUNAS DEL RINCONCILLO REAL DE JEREZ A RONDA;10218.33
526;TOUR ZONA RECREATIVA PINAR DEL REY LOMAS DE CÁMARA;14125.82
527;TOUR CARISSA AURELIA VERDE DE LA SIERRA;23560.1
528;TOUR PATRIMONIO FRONTERIZO DE LOS MOLINOS DE SETENIL;6285.59
529;TOUR PUERTA VERDE DE SAN FERNANDO DE MECA;15937.89
530;TOUR CAMPOBUCHE TOLETA;5478.83
531;TOUR RUTA DE LA PLAYA DE LA BARROSA VERDE DOS BAHÍAS;15307.15
532;TOUR LA ALMORAIMA DE LA PLAYA DE LA BARROSA;21443.88
533;TOUR LOS ALGARBES-BETIJUELO DE FARDELA;12169.49
534;TOUR LA PRESA DEL EMBALSE DE BARBATE FLUVIAL DEL RÍO PÍCARO;5233.03
535;TOUR EL CABRITO - PUERTO DEL BUJEO PLATERAS;7209.34
536;TOUR CORDEL DE LOS MARCHANTES DE LOS REMEDIOS;16554.76
537;TOUR GR-7 DE LA MORITA;5216.92
538;TOUR LLANOS DEL ENDRINAL DEL JUDÍO;16670.05
539;TOUR PUERTA VERDE DE SAN ROQUE DEL PALMONES;4226.46
540;TOUR GARGANTA DE MILLAN MAJACEITE;6393.23
541;TOUR LA SUARA LLANOS DEL BERRAL;14821.81
542;TOUR SALINA CARBONEROS REAL DE CORDERO;5516.76
543;TOUR SUBIDA AL PICACHO REAL DE JEREZ A RONDA;23495.54
544;TOUR PUENTE DE LOS PALOMINOS DEL BOYAL- LA SUARA;19325.1
545;TOUR EL SALTILLO DE LOS LAJARES Y CANCHA BERMEJA;6665.84
546;TOUR SUBIDA AL TAJO DE UTRERA ENDORREICO DE CHICLANA;24221.68
547;TOUR SIERRA DE LAS VIÑAS CANALIZO DE LA SIERRA DE LÍJAR;6227.49
548;TOUR LA ALMORAIMA SALTILLO;4317.14
549;TOUR PUERTA VERDE DE ALGECIRAS TORREÓN;15095.97
550;TOUR LAGUNA DE TARAJE Y SAN ANTONIO PUNTA CARNERO A GETARES;7871.97
551;TOUR SALINA DE LA ESPERANZA ACANTILADO;10893.13
552;TOUR PICACHO-PEGUERA CARBONEROS;12144.85
553;TOUR BAHÍA DE CÁDIZ DE HIGUERÓN;4778.95
554;TOUR LOS ALGARBES-BETIJUELO DE OJÉN;22514.81
555;TOUR DEHESA DE ROCHE DEL CABRERO;13358.54
556;TOUR CERROS DE PALMITOS Y BARBECHOS MEDIEVAL DE GIGONZA;7799.18
557;TOUR ZONA RECREATIVA PINAR DEL REY AL PICACHO;4050.12
558;TOUR LAS GUAREÑAS - PASADA DEL BOYAL DE CHAVARRIA;2999.91
559;TOUR PICACHO-PEGUERA DE HIGUERÓN;12570.08
560;TOUR GARGANTA DEL CAPITÁN DEL CALVARIO;21398.59
561;TOUR SALTO DEL CABRERO REAL DE JEREZ A RONDA;21224.47
562;TOUR COVEZUELAS-CHARCA VERDE DE LA ASOMADA;24803.44
563;TOUR PUERTA VERDE DE SAN FERNANDO ENDORREICO DE CHICLANA;9461.05
564;TOUR RIBERA DE GAIDOVAR DE LA ESPERANZA;22704.44
565;TOUR TORRE DE LA MORITA LAS CANTERAS Y EL TEJÓN;19394.11
566;TOUR MONTE DE LA TORRE DEL ÁGUILA;19165.95
567;TOUR SIERRA DE FATES DE LOS PESCADORES;20302.06
568;TOUR PUNTA DEL BOQUERÓN DE LAS FIGURAS;17233.66
569;TOUR CORREDOR VERDE DOS BAHIAS. TRAMO II RURALES DE ROTA;11661.58
570;TOUR CORDEL DE MORÓN-MIRADOR DE LAS TOSCAS VERDE DE SAN ROQUE;22403.51
571;TOUR LOMA DE SAN BARTOLOMÉ AL ALJIBE;19801.16
572;TOUR SIERRA DE MONTECOCHE DE ALGAR;3592.48
573;TOUR CAMINO ALTO DE EL BOSQUE NACIMIENTOS;10478.68
574;TOUR CAMINO DE LOS CHARCONES DE LA ASOMADA;21474.98
575;TOUR PUENTE DE LOS PALOMINOS DE BARBATE;4569.58
576;TOUR SALINA LA TAPA DE LÍBAR;17168.77
577;TOUR RIO MAJACEITE DEL RABEL;11999.62
578;TOUR LAS PLATERAS DE LA FRONTERA-PALOMAR DE LA BREÑA;23139.8
579;TOUR PUNTA DEL BOQUERÓN DE LAS VIÑAS;11575.73
580;TOUR LLANO DEL REPUBLICANO DE RAMOS;3767.85
581;TOUR PUERTO DE BOLONIA-PULIDO DE ROCHE;3334.81
582;TOUR GARGANTA DEL RAYO ANTIGUA LAGUNA DE LA JANDA;5405.39
583;TOUR ERMITA DE LOS REMEDIOS ERMITA Y EL SANTO;13750.48
584;TOUR RIBERA DE GAIDOVAR DEL BUJEO - HOYO DE DON PEDRO;24695.95
585;TOUR CAMINOS RURALES DE ROTA DE LÍBAR;8557.81
586;TOUR PICACHO-PEGUERA DEL CAPITÁN;5235.0
587;TOUR LOMO DEL JUDÍO DE LA CAÑADA DE MÁLAGA;18400.58
588;TOUR SIERRA DE MONTECOCHE DE BOLONIA-PULIDO;24743.6
589;TOUR SIERRA DE MONTECOCHE DEL VIAJERO;19077.74
590;TOUR CERRO DEL RAYO DE SAN ANTÓN;21006.13
591;TOUR LA MESA DEL ESPARRAGAL DE CHAVARRIA;23325.99
592;TOUR LAS AGUILILLAS - LAS GUAREÑAS DEL VIAJERO;7162.35
593;TOUR QUINTAS DE ALGAR DEL ÁGUILA;20021.5
594;TOUR CAMINO DE LAS SALINAS VIAJE EN EL TIEMPO;19368.07
595;TOUR CALLEJÓN DE LAS MOCITAS DE VALDEINFIERNO;12453.66
596;TOUR BARBATE-ERMITA DE SAN AMBROSIO DE LA FRONTERA-VEJER DE LA FRONTERA;4652.53
597;TOUR TAJO DEL PAJARRACO FUENTES;17958.89
598;TOUR TORVISCALEJO-NACIMIENTO DEL HONDÓN DE ESPERA;20836.82
599;TOUR MARISMAS DEL BARBATE VERDE DOS BAHIAS. TRAMO II;21468.39
600;TOUR ALGODONALES-LOS NACIMIENTOS DE GARCIAGO;4186.2
601;TOUR PARQUE DEL CENTENARIO DEL BARBATE;7502.21
602;TOUR ENCRUCIJADA DE CAMINOS DE LOS PESCADORES;20436.14
603;TOUR CAMINO DE LOS PESCADORES DE HIGUERÓN;22753.95
604;TOUR CERRO DEL TAMBOR NACIMIENTOS;16155.36
605;TOUR LA TEJA DE LOS TOLLOS;13674.28
606;TOUR VÍA VERDE DE LA SIERRA DEL BACINETE;7173.57
607;TOUR SISTEMA DUNAR DE TORRE NUEVA DE BARBATE;8981.0
608;TOUR LAGUNA DE MEDINA DEL CENTENARIO;14883.43
609;TOUR CONIL DE LA FRONTERA-VEJER DE LA FRONTERA DEL PILAR;2717.25
610;TOUR PUERTA VERDE DE CHICLANA AL MOGOTE;15193.21
611;TOUR SALINA LA TAPA VERDE DE ALGECIRAS;7073.45
612;TOUR RIBERA DEL EMBALSE DE BORNOS FUENTES;8137.96
613;TOUR CALLEJÓN DEL MOLINO DE LA FRONTERA-VEJER DE LA FRONTERA;22726.93
614;TOUR ESTUARIO DEL GUADIARO VERDE MATAGORDA;16746.45
615;TOUR EL TORREÓN TEJA;5846.7
616;TOUR CERRO DEL AGUILA PINAR DEL REY SECA Y PUERTO DE LA BREÑA;23050.29
617;TOUR CAMINO ALTO DE EL BOSQUE VERDE DOS BAHIAS. TRAMO I;3073.51
618;TOUR VÍA VERDE DE LA COSTA NOROESTE DEL RABEL;8935.4
619;TOUR PARQUE FLUVIAL DEL RÍO PÍCARO DE LOS ATUNES-ATLANTERRA;4550.13
620;TOUR TAJO DEL PAJARRACO DE CÁDIZ;7541.73
621;TOUR SALTO DEL CABRERO TEJA;23652.7
622;TOUR DE PUNTA CARNERO A GETARES DEL GUADALETE;10413.9
623;TOUR VEREDA DE LA ASOMADA DEL ÁGUILA;17166.06
624;TOUR SISTEMA DUNAR DE TORRE NUEVA VERDE DE LA SIERRA;6031.48
625;TOUR PICACHO-PEGUERA ;23672.84
626;TOUR PUERTA VERDE DE SAN ROQUE CALZADA ROMANA;20664.77
627;TOUR CERRO DEL RAYO DEL ALJIBE;5725.52
628;TOUR OJO DEL MORO PUNTA CARNERO A GETARES;9492.03
629;TOUR LAGUNA DE BENAJIMA ;9240.37
630;TOUR LAS AGUILILLAS - LAS GUAREÑAS DE ESPERA;16728.62
631;TOUR CANUTO DEL ARROYO ALGAMASILLA DEL GUADIARO;14773.6
632;TOUR GARGANTA DE MILLAN VIAJE EN EL TIEMPO;17671.31
633;TOUR QUINTAS DE ALGAR FRONTERIZO;13646.42
634;TOUR DOLMEN DE LOS LAJARES Y CANCHA BERMEJA VERDE DE LA COSTA NOROESTE;7410.12
635;TOUR LAGUNAS LAS CANTERAS Y EL TEJÓN MUELA-LOS NACIMIENTOS;24656.62
636;TOUR NAVAZO ALTO MONTERA DEL TORERO;24183.0
637;TOUR BARRANCO HONDO DEL BOYAL- LA SUARA;20698.26
638;TOUR RÍO ROCINEJO ALTO DE EL BOSQUE;11245.18
639;TOUR VILLALUENGA-NAVAZOS DE CAOS TORUÑOS;14598.32
640;TOUR CONIL DE LA FRONTERA-VEJER DE LA FRONTERA ZAHARA - EL GASTOR;15992.65
641;TOUR LOS LANCES AL TAJO DE UTRERA;10895.72
642;TOUR EL PINSAPAR GUAREÑAS - LA SUARA;20676.42
643;TOUR LA BODEGA DE LA FRONTERA-PALOMAR DE LA BREÑA;16951.38
644;TOUR VEGA DEL GUADIARO DE GARCIAGO;19558.44
645;TOUR RIO ALHAJA VENTAS TRASHUMANTES;21072.3
646;TOUR PATRIMONIO FRONTERIZO DE LA TORRE;23698.72
647;TOUR CASA DEL DORNAJO MAJACEITE;11729.11
648;TOUR CAMINO DE LA ERA EMPEDRADA DE MONTECOCHE;12352.98
649;TOUR LA ANTIGUA LAGUNA DE LA JANDA ZAHARA - EL GASTOR;5638.9
650;TOUR ASCENSIÓN AL RELOJ Y AL SIMANCÓN ;24598.77
651;TOUR RUTA DE LOS MOLINOS DE LA PLAYA DE LA BARROSA;19559.61
652;TOUR DE PUNTA CARNERO A GETARES VERDE;14365.99
653;TOUR EL SALTADERO DE LOS PESCADORES;4132.87
654;TOUR EL TORREÓN FLUVIAL DEL RÍO PÍCARO;21915.34
655;TOUR ESTUARIO DEL GUADIARO DE MONTECOCHE;20895.21
656;TOUR LLANOS DEL ENDRINAL MAJACEITE;4819.6
657;TOUR DUNAS DE SAN ANTÓN DE ROCHE;7384.46
658;TOUR LLANOS DEL ENDRINAL DUNAR DE TORRE NUEVA;23751.04
659;TOUR LOS PUENTES ROMANOS DE MEDINA SIDONIA DE LOS CHARCONES;24445.68
660;TOUR PUERTO DEL BUJEO - HOYO DE DON PEDRO ;2682.09
661;TOUR TAJO DEL PAJARRACO VERDE DE SAN FERNANDO;24948.84
662;TOUR CORREDOR VERDE DOS BAHIAS. TRAMO I DE LA ERA EMPEDRADA;16359.96
663;TOUR PRESA DEL FRESNILLO DE LOS FRANCESES;11290.78
664;TOUR LA ANTIGUA LAGUNA DE LA JANDA Y MARISMAS DE TREBUJENA;15398.34
665;TOUR EL TORREÓN DE LA ESPERANZA;18782.32
666;TOUR RUTA DE LOS MOLINOS DE SETENIL DE LAS VIÑAS;10758.11
667;TOUR LOMO DEL JUDÍO DE MECA;5538.96
668;TOUR CORREDOR VERDE DOS BAHIAS. TRAMO IV TORUÑOS;23655.02
669;TOUR CAÑADA REAL DE JEREZ A RONDA DEL PAJARRACO;3395.59
670;TOUR PUENTE DE LOS PALOMINOS DE SAN BARTOLOMÉ;20424.86
671;TOUR CAMINO DEL PILAR DEL BOYAL- LA SUARA;20079.34
672;TOUR OJO DEL MORO DEL EMBALSE DE BORNOS;16361.63
673;TOUR VEJER DE LA FRONTERA-CANTARRANAS TREN DEL AZÚCAR;2478.37
674;TOUR LA PEDRIZA ;20470.18
675;TOUR CAÑADAS DE LA JANDA ;16822.58
676;TOUR LAS PLATERAS VENTAS TRASHUMANTES;7061.67
677;TOUR CARISSA AURELIA DEL PALMONES;4292.07
678;TOUR LA ANTIGUA LAGUNA DE LA JANDA DE LOS MOLINOS DE SETENIL;5622.4
679;TOUR TORRE DE LA MORITA DE SAN ANTÓN;8294.29
680;TOUR LAGUNA DE MEDINA DE LA CAÑADA DE MÁLAGA;7465.15
681;TOUR LA EXTENSA VEGA DE BORNOS DEL BOQUERÓN;18181.75
682;TOUR BENALUP-FACINAS VERDE DE ALGECIRAS;22994.8
683;TOUR MARISMAS DEL BARBATE DE BOLONIA-PULIDO;5197.55
684;TOUR MONTE DE HIGUERÓN DEL BOYAL- LA SUARA;3611.15
685;TOUR CALAS DE ALGECIRAS VERDE DOS BAHIAS. TRAMO IV;22012.11
686;TOUR MONTE DE HIGUERÓN VERDE DEL LITORAL COSTA BALLENA-CHIPIONA;13205.06
687;TOUR PUERTA VERDE DE SAN FERNANDO DEL BOYAL- LA SUARA;3853.88
688;TOUR VEREDA DE UBRIQUE - ASOMADILLA DE LA ASOMADA;20514.72
689;TOUR PUERTA VERDE DE JEREZ DE LA FRONTERA DEL HONDÓN;23233.54
690;TOUR RÍO HOZGARGANTA DE PUERTO OSCURO;20333.85
691;TOUR LA CALZADA ROMANA ATALAYA;14423.55
692;TOUR LOS PUENTES ROMANOS DE MEDINA SIDONIA GANADERAS DE JIMENA;20418.51
693;TOUR CAÑADA REAL DE CORDERO ALTO;18689.5
694;TOUR ZONA RECREATIVA PINAR DEL REY SALTADERO;13478.06
695;TOUR COVEZUELAS-CHARCA VERDE REAL DE CORDERO;14014.94
696;TOUR DEL ACANTILADO VERDE DE SAN FERNANDO;3617.56
697;TOUR LA ALBINA ROCHE;18220.22
698;TOUR PUERTA VERDE DE JEREZ DE LA FRONTERA ;11664.87
699;TOUR SUBIDA AL PICO ALBARRACÍN DE LOS PALOMINOS;11738.38
700;TOUR CAÑADA REAL DE JEREZ A RONDA DEL GUADIARO;12498.29
701;TOUR SUBIDA AL CERRO ALBARRACINEJO VERDE DE SAN ROQUE;23336.99
702;TOUR ARROYO DE SAN CARLOS DEL TIRADERO DEL HONDÓN;3325.58
703;TOUR ALGODONALES-LOS NACIMIENTOS DEL HONDÓN;9436.47
704;TOUR ERMITA DE LOS REMEDIOS VIAJE EN EL TIEMPO;12740.04
705;TOUR PATRIMONIO FRONTERIZO DEL DORNAJO;7805.47
706;TOUR TORRE DE LA MORITA DE LOS HURONES;19572.14
707;TOUR MARISMAS DEL BARBATE VERDE DE BORNOS;10038.55
708;TOUR SALINA SANTA MARÍA DE JESÚS DE MILLAN;15838.99
709;TOUR RUTA DE LOS BANDOLEROS VERDE DOS BAHÍAS;12668.75
710;TOUR LAGUNA DE TARAJE Y SAN ANTONIO DE LA TORRE;2967.68
711;TOUR CAMINO DEL GRULLO ;23504.89
712;TOUR DESCENSO DEL ARROYO DE LA GARGANTA DEL BOYAR DE LUZ;20401.25
713;TOUR PASEO DE LOS POZOS PUENTES ROMANOS DE MEDINA SIDONIA;3374.74
714;TOUR DUNA DE BOLONIA DEL GUADIARO;2187.01
715;TOUR LA LADERA AL PICO ALBARRACÍN;6494.68
716;TOUR EL TESORILLO VERDE DOS BAHIAS. TRAMO IV;6535.89
717;TOUR MURTA DE LOS TOLLOS;16255.29
718;TOUR LA MONTERA DEL TORERO DE MONTECOCHE;10371.99
719;TOUR BRAÑAHONDA ALBINA;15143.24
720;TOUR CAMPOBUCHE DE LAS PRESILLAS;15950.88
721;TOUR CERROS DE PALMITOS Y BARBECHOS DEL PAPA;19347.76
722;TOUR LA ALBINA DE LA PLAYA DE LA BARROSA;16825.81
723;TOUR DESCENSO DEL ARROYO DE LA GARGANTA DEL BOYAR HERRADURA DE BARBATE;19994.34
724;TOUR LA MUELA-LOS NACIMIENTOS DE LA PLAYA DE LA BARROSA;21061.36
725;TOUR DE SETENIL A CAÑOS SANTOS DE MEDINA;24570.69
726;TOUR LAS PLATERAS DE LOS CHARCONES;6570.02
727;TOUR EL CABRITO - PUERTO DEL BUJEO SANTA MARÍA DE JESÚS;5377.3
728;TOUR CAMINO DE CHAVARRIA DE MORÓN-MIRADOR DE LAS TOSCAS;8508.47
729;TOUR SALINAS DEL RATÓN DEL MORO;3476.07
730;TOUR DESCENSO DEL ARROYO DE LA GARGANTA DEL BOYAR DE BOLONIA-PULIDO;17920.23
731;TOUR CORREDOR VERDE DOS BAHIAS. TRAMO IV ENDORREICO DE CHICLANA;15566.49
732;TOUR PUERTA VERDE DE JEREZ DE LA FRONTERA CARBONEROS;16200.81
733;TOUR RÍO GUADALMESÍ ALTO DE EL BOSQUE;17690.77
734;TOUR TRES AMIGOS - RÍO ARILLO DE LAS FIGURAS;4912.46
735;TOUR PUERTA VERDE DE LA LÍNEA DE LA CONCEPCIÓN ENDORREICO DE CHICLANA;14819.99
736;TOUR VEREDA DE LA VENTA DEL SILLETERO DE LA CAÑADA DE MÁLAGA;23724.91
737;TOUR TRES AMIGOS - RÍO ARILLO VERDE DEL LITORAL COSTA BALLENA-CHIPIONA;6978.03
738;TOUR LOMO DEL JUDÍO VERDE DOS BAHIAS. TRAMO IV;4868.86
739;TOUR SUBIDA AL TAJO DE UTRERA DE LOS PRISIONEROS;6513.05
740;TOUR LAS PLATERAS GANADERAS DE JIMENA;5395.32
741;TOUR SUBIDA A LA SILLA DE LOS MOLINOS DE SETENIL;23272.0
742;TOUR CORDEL DE MORÓN-MIRADOR DE LAS TOSCAS CABRITO - PUERTO DEL BUJEO;12672.35
743;TOUR LAGUNAS LAS CANTERAS Y EL TEJÓN DE LA COSTA;2693.45
744;TOUR LA PEDRIZA DEL RATÓN;19166.02
745;TOUR PASEO AL SANTUARIO DE NUESTRA SEÑORA DE LOS SANTOS A LA SILLA;21773.23
746;TOUR PRESA DEL FRESNILLO DE MECA;24016.81
747;TOUR BRAÑAHONDA SIERRAS DE ALGODONALES;2411.62
748;TOUR PINAR DE LOS FRANCESES DE SAN CARLOS DEL TIRADERO;15220.41
749;TOUR OJO DEL MORO DEL GUADIARO;13199.72
750;TOUR RIO MAJACEITE DE LA MORITA;9925.02
751;TOUR RÍO HOZGARGANTA ;18802.34
752;TOUR RIO ALHAJA DEL TAMBOR;17314.27
753;TOUR PUENTE DE LOS PALOMINOS DE LA CAÑADA DE MÁLAGA;21661.55
754;TOUR RÍO ROCHE DE LA TORRE;17845.4
755;TOUR LLANOS DEL ENDRINAL VERDE DE LA SIERRA;12430.27
756;TOUR CORREDOR VERDE DEL LITORAL COSTA BALLENA-CHIPIONA DE PUERTO OSCURO;16032.96
757;TOUR VÍA VERDE DE BORNOS VERDE DE LA SIERRA;10184.46
758;TOUR CAMINO DE CHAVARRIA QUEBRADAS;19474.21
759;TOUR CANUTO DE RISCO BLANCO LOMAS DE CÁMARA;12296.64
760;TOUR DUNAS DEL RINCONCILLO DEL CENTENARIO;17849.97
761;TOUR DE SETENIL A CAÑOS SANTOS TRES PINOS;16384.24
762;TOUR CAMPOBUCHE DEL CALVARIO;4863.11
763;TOUR PUERTA VERDE DE SAN ROQUE DE BOGAS;8304.87
764;TOUR LA MONTERA DEL TORERO VERDE DE SAN FERNANDO;8769.58
765;TOUR LAS LOMAS DE CÁMARA DE ESPERA;21158.96
766;TOUR CERRO DEL TAMBOR AL SANTUARIO DE NUESTRA SEÑORA DE LOS SANTOS;7355.75
767;TOUR EL PINSAPAR AL PICO ALBARRACÍN;9239.21
768;TOUR CONIL DE LA FRONTERA-VEJER DE LA FRONTERA TEJA;2246.55
769;TOUR GARGANTA DE MILLAN DEL CALVARIO;24515.85
770;TOUR PICACHO-PEGUERA VERDE DOS BAHIAS. TRAMO III;10934.39
771;TOUR SUBIDA AL MOGOTE PEÑA;4347.37
772;TOUR GARGANTA DE MILLAN ALMORAIMA;12213.59
773;TOUR CAÑADA REAL DE JEREZ A RONDA ;16434.55
774;TOUR SALINAS Y CAÑADAS DE PRADO DEL REY Y  EL BOSQUE DE MEDINA;4337.79
775;TOUR CABO DE TRAFALGAR-CAÑOS DE MECA ZAHARA - EL GASTOR;5411.95
776;TOUR LAS ALBINAS NACIMIENTOS;17618.53
777;TOUR RUTA DE LOS BANDOLEROS DE FATES;11415.81
778;TOUR ARROYO CAÑUELO DE VICOS;20246.99
779;TOUR TRAVESIA DEL ALJIBE DE LA CAÑADA DE MÁLAGA;2304.11
780;TOUR BUITRERAS DE ZAFRAMAGÓN DE LAS FIGURAS;23400.81
781;TOUR LAS LOMAS DE CÁMARA DEL BUJEO - HOYO DE DON PEDRO;22738.43
782;TOUR CERRO DE LA PLAZA DE ARMAS DE FUENTE AMARGA;20609.93
783;TOUR LAGUNA DE BENAJIMA DE BOLONIA;17318.52
784;TOUR PASEO AL SANTUARIO DE NUESTRA SEÑORA DE LOS SANTOS SETENIL A CAÑOS SANTOS;22353.45
785;TOUR ARROYO DE VALDEINFIERNO PLATERAS;9130.5
786;TOUR ROJITAN DE BOLONIA-PULIDO;6370.11
787;TOUR DEL ACANTILADO DEL CENTENARIO;12129.63
788;TOUR LA HERRADURA DE BARBATE DE LA FUENTE SANTA;23545.9
789;TOUR SIERRA DE MONTECOCHE DE ALGECIRAS;22275.81
790;TOUR PUERTA VERDE DE SAN ROQUE DE SAN ANTÓN;11062.24
791;TOUR LOS ALGARBES-BETIJUELO DE ROCHE;10916.54
792;TOUR MOJÓN DE LA VÍBORA DE CONIL;4909.65
793;TOUR RIBERA DEL EMBALSE DE BORNOS REAL LOS RATONES;6889.27
794;TOUR CANUTO DEL ARROYO ALGAMASILLA DE LA SIERRA DE LAS CABRAS;11399.67
795;TOUR RÍO ROCHE REAL DE CORDERO;24113.3
796;TOUR PATRIMONIO FRONTERIZO GANADERAS DE JIMENA;2401.16
797;TOUR DEHESA DEL BOYAR DE BOLONIA-PULIDO;2374.89
798;TOUR PUERTA VERDE DE SAN ROQUE VERDE DE SAN ROQUE;17977.09
799;TOUR CALAS DE ROCHE VERDE DOS BAHIAS. TRAMO III;14398.32
800;TOUR TAJO DE LAS FIGURAS DE LAS SALINAS;3400.72
801;TOUR BRAÑAHONDA ANTIGUA LAGUNA DE LA JANDA;2996.39
802;TOUR CERRO DEL ÁGUILA DEL CALVARIO;14484.65
803;TOUR SIERRA DE MONTECOCHE VERDE DEL PARQUE DE LAS CAÑADAS;5063.38
804;TOUR ARROYO DEL DESCANSADERO DE LA ALGAIDA-SALINA DESAMPARADOS;5104.98
805;TOUR SUBIDA AL ALJIBE GARGANTE VERDE;9902.46
806;TOUR CORDEL DE LOS MARCHANTES DE ALGAR;6687.38
807;TOUR EL SALTADERO CAÑILLO;10011.71
808;TOUR VALLE DE OJÉN GANADERAS DE JIMENA;21545.82
809;TOUR CERRO DEL TAMBOR DEL TAJO;13693.31
810;TOUR CORDEL DE MORÓN-MIRADOR DE LAS TOSCAS DE CHAVARRIA;8124.64
811;TOUR LA CALZADA ROMANA DE LA TORRE;15794.99
812;TOUR PRESA DEL FRESNILLO VERDE DE JEREZ DE LA FRONTERA;14777.31
813;TOUR LA ALMORAIMA DEL CABRERO;21977.14
814;TOUR SANTUARIO DEL BACINETE DE CHAVARRIA;22512.02
815;TOUR SIERRA DE LAS VIÑAS VERDE DEL PUERTO DE SANTA MARÍA;13553.14
816;TOUR PICACHO-PEGUERA LANCES;13530.81
817;TOUR CERRO DEL CHARCO ALBINAS;3894.91
818;TOUR CANUTO DEL ARROYO ALGAMASILLA TORREÓN;18463.97
819;TOUR ANTIGUA SALINA-FANGOS MAREALES DEL RÍO BARBATE SALINA-FANGOS MAREALES DEL RÍO BARBATE;4997.08
820;TOUR VÍA VERDE DE LA SIERRA DEL CABRERO;8437.54
821;TOUR DESCENSO DEL ARROYO DE LA GARGANTA DEL BOYAR DE CÁDIZ;7094.19
822;TOUR PARQUE FLUVIAL DEL RÍO PÍCARO AL CERRO ALBARRACINEJO;6253.86
823;TOUR CASA DE FARDELA NACIMIENTOS;8080.4
824;TOUR RUTA ZAHARA - EL GASTOR DEL TAJO;9427.66
825;TOUR RUTA DE LOS MOLINOS DE SETENIL DE EL BOSQUE-CAMINO DEL ESPINO;11451.42
826;TOUR ARROYO CAÑUELO DE VALDEINFIERNO;15149.29
827;TOUR PASEO DE LOS POZOS DE SAN BARTOLOMÉ;3324.34
828;TOUR FÁBRICAS DE LUZ DE LÍBAR;13442.91
829;TOUR CASA DEL DORNAJO DE LOS ATUNES-ATLANTERRA;24403.91
830;TOUR RIO ALHAJA VERDE DE SAN FERNANDO;14907.11
831;TOUR CAÑADA REAL DE JEREZ A RONDA DE LA REGINOSA;19848.79
832;TOUR DOLMEN DE LOS LAJARES Y CANCHA BERMEJA A LA CRUZ DEL TAJO DE UBRIQUE;19117.09
833;TOUR PUNTA DEL BOQUERÓN VERDE DE JEREZ DE LA FRONTERA;7158.5
834;TOUR VEREDA DE LA VENTA DEL SILLETERO DEL CALVARIO;5346.24
835;TOUR DEHESA DE ROCHE DEL LITORAL DE ROTA;4409.82
836;TOUR PUERTO DE LAS PALOMAS - CERRO DE COROS DEL RIO TREJO;13727.63
837;TOUR LA MUELA-LOS NACIMIENTOS VERDE DE LA LÍNEA DE LA CONCEPCIÓN;12311.48
838;TOUR RÍO HOZGARGANTA PLATERAS;19278.23
839;TOUR LA TEJA DE LOS BANDOLEROS;14008.2
840;TOUR RUINAS DE ESPERILLA DE BOLONIA-PULIDO;16175.65
841;TOUR NACIMIENTO DE GARCIAGO DE LA FRONTERA-PALOMAR DE LA BREÑA;8447.83
842;TOUR SUBIDA AL CERRO PICACHO DE PUERTO SERRANO DE MILLAN;19030.02
843;TOUR SIERRA DE LAS VIÑAS LLANOS DEL BERRAL;22184.82
844;TOUR BENALUP-FACINAS DE LA JANDA;12435.43
845;TOUR ESTUARIO DEL GUADIARO DEL PAPA;19400.15
846;TOUR EL SALTADERO VERDE DE SAN ROQUE;13655.08
847;TOUR LAS PLATERAS DE MONTECOCHE;11298.46
848;TOUR LOS ALGARBES-BETIJUELO CALZADA DEHESA BOYAL;21360.08
849;TOUR ESTUARIO DEL GUADIARO DE BENAJIMA;21534.92
850;TOUR LA CALZADA ROMANA TEJA;23947.59
851;TOUR CALLEJÓN DE LAS MOCITAS DEL VIAJERO;7772.28
852;TOUR CAMINO DE LOS CHARCONES ALBINAS;5468.2
853;TOUR SIERRAS DEL RETÍN Y LA PLATA ;16014.49
854;TOUR LA MENACHA TESORILLO;10555.04
855;TOUR PUERTA VERDE DEL PUERTO DE SANTA MARÍA ALTO DE EL BOSQUE;18880.08
856;TOUR ARROYO DE SAN CARLOS DEL TIRADERO CANALIZO DE LA SIERRA DE LÍJAR;24708.72
857;TOUR DEHESA DEL BOYAR DEL AGUILA PINAR DEL REY;3650.23
858;TOUR LOS TRES PINOS DE ALGAR;23312.71
859;TOUR LOS LANCES DE BOLONIA-PULIDO;7918.45
860;TOUR DUNA DE BOLONIA ZAHARA - EL GASTOR;24527.38
861;TOUR CAMINO DE CALAFATE ACANTILADO;6883.55
862;TOUR RÍO GUADALMESÍ A LA CRUZ DEL TAJO DE UBRIQUE;11832.32
863;TOUR RUTA DEL VIAJERO ;22372.88
864;TOUR CAÑADA REAL DE JEREZ A RONDA DE LA ERA EMPEDRADA;17654.31
865;TOUR ESTUARIO DEL GUADIARO DEL BACINETE;4623.53
866;TOUR PIEDRA PARDA DEL AGUILA PINAR DEL REY;17535.15
867;TOUR BRAÑAHONDA DE LA PLAZA DE ARMAS;11201.23
868;TOUR PUERTA VERDE DE SAN ROQUE AL MOGOTE;19680.37
869;TOUR CAÑADA REAL DE CORDERO PUNTA CARNERO A GETARES;3319.1
870;TOUR CERRO DEL RAYO AMIGOS - RÍO ARILLO;23672.87
871;TOUR PUERTA VERDE DE ALGECIRAS RECREATIVA PINAR DEL REY;21158.2
872;TOUR CAMINO ALTO DE EL BOSQUE VERDE DEL PARQUE DE LAS CAÑADAS;9472.15
873;TOUR COLA DEL EMBALSE DE BORNOS Y TAJO;12439.23
874;TOUR TRES AMIGOS - RÍO ARILLO DEL LITORAL DE ROTA;15161.6
875;TOUR SALINAS DEL RATÓN DEL FRESNILLO;15362.72
876;TOUR MOJÓN DE LA VÍBORA DE LOS FRANCESES;14497.13
877;TOUR CAMINO ALTO DE EL BOSQUE DEL BACINETE;15702.79
878;TOUR SISTEMA DUNAR DE TORRE NUEVA DE LA SIERRA DE LAS CABRAS;24592.55
879;TOUR ARROYOMOLINOS DE EL BOSQUE-CAMINO DEL ESPINO;9835.45
880;TOUR PUERTO DE LAS PALOMAS - CERRO DE COROS SECA Y PUERTO DE LA BREÑA;7814.46
881;TOUR LOMAS GANADERAS DE JIMENA DEL RATÓN;13551.65
882;TOUR ALGODONALES-LOS NACIMIENTOS VENTAS TRASHUMANTES;18743.87
883;TOUR SALINA SANTA MARÍA DE JESÚS TREN DEL AZÚCAR;15649.77
884;TOUR PUERTA VERDE DE ALGECIRAS DEL CALVARIO;22802.1
885;TOUR CAMINO DE LAS SALINAS LANCES;2146.58
886;TOUR VALLE DE OJÉN TOLETA;13979.29
887;TOUR RIO ALHAJA VERDE DOS BAHIAS. TRAMO III;23344.01
888;TOUR RIBERA DEL PALMONES DEL BOYAR;7993.31
889;TOUR COMPLEJO ENDORREICO DE CHICLANA DE LOS PESCADORES;23415.87
890;TOUR GARGANTA DEL RAYO DE MECA;15054.01
891;TOUR DEL ACANTILADO LLANOS DEL BERRAL;24665.51
892;TOUR CERRO DE LA PLAZA DE ARMAS DE LA VÍBORA;4468.54
893;TOUR LA ALBINA DEL TAJO;7791.41
894;TOUR DEL ACANTILADO ALMORAIMA;6519.12
895;TOUR TORRE DE LA MORITA ;19198.19
896;TOUR CAÑADA REAL LOS RATONES DE SAN ANTÓN;13481.7
897;TOUR BAHÍA DE CÁDIZ GUAREÑAS - LA SUARA;19885.75
898;TOUR LOS LANCES CANALIZO DE LA SIERRA DE LÍJAR;5423.56
899;TOUR COLADA DE EL BOSQUE-CAMINO DEL ESPINO DE LOS HURONES;8028.7
900;TOUR CAÑADA REAL LOS RATONES DEL HONDÓN;5433.21
901;TOUR SUBIDA AL MOGOTE MUELA-LOS NACIMIENTOS;24868.36
902;TOUR LA ALMORAIMA SANTA MARÍA DE JESÚS;15714.84
903;TOUR LA MENACHA DE LAS MOCITAS;18161.3
904;TOUR CAÑADA REAL DE JEREZ A RONDA DE LA FRONTERA-CANTARRANAS;3738.45
905;TOUR GARGANTA DE BARRIDA DEL RÍO HONDÓN;11039.19
906;TOUR CAMINO DE LOS CHARCONES DE VALDEINFIERNO;4652.79
907;TOUR BUITRERAS DE ZAFRAMAGÓN DEL RAYO;8663.33
908;TOUR SALINA DE LA ESPERANZA DEL LITORAL DE ROTA;22794.81
909;TOUR CERRO DE LOS BATANES GUADALMESÍ;8776.47
910;TOUR PUERTO DE LAS PRESILLAS DE BARBATE;6278.2
911;TOUR RÍO ROCINEJO ;10184.83
912;TOUR CORREDOR VERDE DOS BAHIAS. TRAMO I LLANOS DEL BERRAL;20241.88
913;TOUR LA TEJA ;10737.48
914;TOUR LAS LOMAS DE CÁMARA DE TARAJE Y SAN ANTONIO;6773.33
915;TOUR VALLE DE OJÉN DEL PALMONES;9730.39
916;TOUR FÁBRICAS DE LUZ DE PUERTO OSCURO;12778.91
917;TOUR COMPLEJO ENDORREICO DE CHICLANA TORUÑOS;3331.9
918;TOUR DEL ACANTILADO DE CALAFATE;24565.69
919;TOUR CAMINO DE LA ERA EMPEDRADA DEL BUJEO - HOYO DE DON PEDRO;11602.6
920;TOUR LA ERMITA Y EL SANTO DE LOS TOLLOS;8173.18
921;TOUR LA CALZADA ROMANA DE HIGUERÓN;9189.3
922;TOUR COLADA DE EL BOSQUE-CAMINO DEL ESPINO DE TARAJE Y SAN ANTONIO;22886.15
923;TOUR TORVISCALEJO-NACIMIENTO DEL HONDÓN VENTAS TRASHUMANTES;20182.45
924;TOUR ERMITA DE LOS REMEDIOS DE ALGECIRAS;11634.25
925;"TOUR DEL ACANTILADO SALADA, CHICA Y JUNCOSA""";8389.34
926;TOUR NACIMIENTO DE GARCIAGO ;2502.84
927;TOUR PUERTO DEL BUJEO - HOYO DE DON PEDRO DEL AGUILA PINAR DEL REY;20485.99
928;TOUR RIO MAJACEITE DE LOS LAJARES Y CANCHA BERMEJA;22727.53
929;TOUR CABO DE TRAFALGAR-CONIL DE LA FRONTERA AMIGOS - RÍO ARILLO;15598.22
930;TOUR LA PEÑA AL MOGOTE;6631.61
931;TOUR ENCRUCIJADA DE CAMINOS RURALES DE ROTA;5039.19
932;TOUR MONTE ALGAIDA ALMORAIMA;19672.0
933;TOUR PUERTA VERDE DE CHICLANA DEL BACINETE;16339.18
934;TOUR PUERTA VERDE DE ALGECIRAS LADERA;9405.39
935;TOUR RÍO ROCHE TESORILLO;19730.25
936;TOUR CAÑADAS DE LA JANDA DE CONIL;16546.59
937;TOUR LLANO DEL REPUBLICANO DEL RINCONCILLO;11282.86
938;TOUR MARISMAS DEL BARBATE DEL PAPA;20700.6
939;TOUR SALINA SANTA MARÍA DE JESÚS ROCINEJO;17827.4
940;TOUR RÍO ROCINEJO DE LAS VIÑAS;15743.24
941;TOUR SALINA SANTA MARÍA DE JESÚS DE HIGUERÓN;9490.09
942;TOUR CAMINO DE LAS SALINAS PEDRIZA;4745.53
943;TOUR FUENTES RURALES DE BENALUP-CASAS VIEJAS ERMITA Y EL SANTO;13024.61
944;TOUR OCURI DE MECA;14369.04
945;TOUR CAMINO DE LOS CHARCONES FLUVIAL DEL RÍO PÍCARO;7637.28
946;TOUR RIBERA DEL EMBALSE DE BORNOS DEL ENDRINAL;13146.11
947;TOUR PUERTO DEL BUJEO - HOYO DE DON PEDRO DE ESPERA;22549.68
948;TOUR CORREDOR VERDE DOS BAHIAS. TRAMO III LAGARÍN;16490.01
949;TOUR SALINA SANTA MARÍA DE JESÚS DEL RABEL;20909.0
950;TOUR BUITRERAS DE ZAFRAMAGÓN DE LA CAÑADA DE MÁLAGA;3325.28
951;TOUR UN VIAJE EN EL TIEMPO ANTIGUA LAGUNA DE LA JANDA;16228.06
952;TOUR CAMINO DE LOS CHARCONES GUADALMESÍ;4496.61
953;TOUR HUERTA LAGARÍN AL SANTUARIO DE NUESTRA SEÑORA DE LOS SANTOS;6107.78
954;TOUR TORRE GUADALMESÍ PRESA DEL EMBALSE DE BARBATE;19486.19
955;TOUR ALGODONALES-LOS NACIMIENTOS DE MEDINA;18537.24
956;TOUR EL TORREÓN REAL DE CORDERO;21468.69
957;TOUR VEGA DEL GUADIARO DE ARCOS;3316.75
958;TOUR LAS PLATERAS DE LA CRUZ DE LA SIERRA DE LIJAR;2716.91
959;TOUR BARRANCO HONDO REAL DE JEREZ A RONDA;15931.58
960;TOUR PATRIMONIO FRONTERIZO VERDE DOS BAHIAS. TRAMO III;18127.03
961;TOUR LAS VENTAS TRASHUMANTES SUARA;18739.83
962;TOUR BARRANCO HONDO DEL ARROYO DE LA GARGANTA DEL BOYAR;6043.71
963;TOUR VEREDA DE LA ASOMADA DE LA CRUZ DE LA SIERRA DE LIJAR;21515.92
964;TOUR PUERTA VERDE DE SAN ROQUE VERDE DE LA COSTA NOROESTE;5788.7
965;TOUR CANUTO DE RISCO BLANCO VERDE DEL PUERTO DE SANTA MARÍA;21189.0
966;TOUR ALGODONALES-LOS NACIMIENTOS ALBINA;6713.69
967;TOUR LA GARGANTE VERDE DE LA FUENTE SANTA;6216.5
968;TOUR RUTA DE LA CAÑADA DE MÁLAGA DE LA FRONTERA-VEJER DE LA FRONTERA;9565.56
969;TOUR RUTA DE LOS BANDOLEROS DEL TAJO;24275.19
970;TOUR CABO DE TRAFALGAR-CAÑOS DE MECA DEL FRESNILLO;4527.61
971;TOUR PUERTO DE LAS PRESILLAS MEDIEVAL DE GRAZALEMA;15739.65
972;TOUR SALTO DEL CABRERO DEL RAYO;5951.09
973;TOUR LLANOS DE LÍBAR PUNTA CARNERO A GETARES;23018.72
974;TOUR LLANO DEL RABEL DE LOS PALOMINOS;6498.61
975;TOUR ASCENSO AL TAJO LAGARÍN ROCHE;9015.09
976;TOUR TAJO DE LAS FIGURAS DE LA ASOMADA;20516.48
977;TOUR CORDEL DE LOS MARCHANTES DE CHAVARRIA;19477.25
978;TOUR CAMINO DEL GRULLO MAJACEITE;22826.85
979;TOUR PARQUE DEL CENTENARIO DEL MOLINO;2806.42
980;TOUR CAMINO DE LOS CHARCONES SETENIL A CAÑOS SANTOS;13953.01
981;TOUR LAS AGUILILLAS - LAS GUAREÑAS DE EL BOSQUE-CAMINO DEL ESPINO;21164.57
982;TOUR DUNAS DEL RINCONCILLO ALHAJA;21421.6
983;TOUR MONTE DE LA TORRE DE OJÉN;7472.83
984;TOUR COLA DEL EMBALSE DE BORNOS VERDE DE SAN FERNANDO;21719.88
985;TOUR CERRO DEL RAYO DEL RÍO HONDÓN;7316.87
986;TOUR RUTA DE LA CAÑADA DE MÁLAGA HONDO;16645.72
987;TOUR ZAHARA DE LOS ATUNES-ATLANTERRA LOMAS DE CÁMARA;24861.49
988;TOUR LAS PLATERAS DEL CABRERO;14154.13
989;TOUR DESCENSO DEL ARROYO DE LA GARGANTA DEL BOYAR DE FUENTE AMARGA;19665.53
990;TOUR PASEO DE LOS POZOS TREN DEL AZÚCAR;18633.23
991;TOUR RUTA DE LOS BANDOLEROS DE BENAJIMA;9213.85
992;TOUR PUERTA VERDE DE SAN FERNANDO DE LOS POZOS;21304.51
993;TOUR CALAS DE CONIL DE BENAJIMA;18646.44
994;TOUR PUERTA VERDE DE SAN ROQUE PARDA;4394.76
995;TOUR PRESA DEL FRESNILLO DEL RETÍN Y LA PLATA;16931.25
996;TOUR ASCENSIÓN AL RELOJ Y AL SIMANCÓN DE PALMITOS Y BARBECHOS;19189.05
997;TOUR RUTA DE LOS MOLINOS CALZADA DEHESA BOYAL;5196.99
998;TOUR SIERRA DE MONTECOCHE TORUÑOS;6101.21
999;TOUR ZONA RECREATIVA PINAR DEL REY DE FUENTE AMARGA;24545.49