sid,nombre_sendero,largo,dificultad,duracion
0,PUERTA VERDE DE SANLÚCAR DE BARRAMEDA SIERRAS DE ALGODONALES,5938.8848,MEDIA,146
1,SIERRAS DEL RETÍN Y LA PLATA DE BENAJIMA,5221.6215,PROFESIONAL,68
2,FRONTERA FORESTAL DE CALAFATE,6619.4849,MUY BAJA,110
3,COVEZUELAS-CHARCA VERDE DE BOLONIA-PULIDO,3167.4875,BAJA,222
4,DUNAS DE SAN ANTÓN DEL REPUBLICANO,7810.2587,MUY ALTA,250
5,ARROYO DE VALDEINFIERNO VIAJE EN EL TIEMPO,10517.5374,MUY ALTA,94
6,CALAS DE ROCHE DEL ÁGUILA,11541.6786,MEDIA,273
7,PASADA DEL BOYAL- LA SUARA GANADERAS DE JIMENA,7762.9069,MEDIA,216
8,DEHESA DE ROCHE PEDRIZA,6197.8762,MUY ALTA,55
9,RIBERA DE GAIDOVAR VENTAS TRASHUMANTES,15309.0796,MEDIA,212
10,CANTARRANAS-CORREDOR VERDE DOS BAHÍAS AL PICACHO,1029.2173,MUY BAJA,247
11,PUERTA VERDE DE SAN ROQUE CALZADA ROMANA,19411.0464,MEDIA,75
12,PUERTA VERDE DE JEREZ DE LA FRONTERA CABRITO - PUERTO DEL BUJEO,17443.5737,ALTA,196
13,SUBIDA A LA SILLA ACANTILADO,12881.4946,MUY BAJA,79
14,PINAR DE LA ALGAIDA-SALINA DESAMPARADOS ,9915.5591,MEDIA,120
15,ASCENSO AL TAJO LAGARÍN Y TAJO,6919.7749,MEDIA,66
16,LAS PLATERAS REAL DE JEREZ A RONDA,7281.1711,MUY BAJA,145
17,SUBIDA AL MOGOTE DE MECA,11410.0742,PROFESIONAL,174
18,SIERRA DEL CALVARIO GUADALMESÍ,13840.6872,MUY ALTA,51
19,VÍA VERDE MATAGORDA PALANCAR,8916.0841,MUY BAJA,83
20,MONTE ALGAIDA HONDO,15963.635,BAJA,189
21,GARGANTA DEL RAYO VERDE DE SAN FERNANDO,13866.2467,PROFESIONAL,241
22,LAGUNA DE TARAJE Y SAN ANTONIO DE LOS PALOMINOS,6708.5687,MUY BAJA,94
23,RUTA DE LA PLAYA DE LA BARROSA DEL RÍO HONDÓN,6652.7336,MUY ALTA,260
24,PUERTA VERDE DE SAN ROQUE DEL PALMONES,8915.5238,PROFESIONAL,78
25,TORRE DEL TAJO MAJACEITE,7268.5712,MEDIA,141
26,ANTIGUA SALINA-FANGOS MAREALES DEL RÍO BARBATE DE SAN BARTOLOMÉ,8782.3445,MUY BAJA,183
27,VÍA VERDE DE LA COSTA NOROESTE AL ALJIBE,8555.0743,BAJA,141
28,LLANO DEL REPUBLICANO DEL AGUILA PINAR DEL REY,18785.788,MUY ALTA,177
29,LAGUNA DE BENAJIMA ALGARBES-BETIJUELO,7154.2636,MUY ALTA,109
30,LA ATALAYA DE LOS POZOS,9102.4017,BAJA,44
31,LA PRESA DEL EMBALSE DE BARBATE DE FARDELA,10417.0623,MUY BAJA,102
32,CALAS DE ROCHE SALTILLO,18081.7342,MUY BAJA,221
33,LAGUNA DE BENAJIMA SALTADERO,3523.6919,MUY ALTA,251
34,VÍA VERDE DE LA COSTA NOROESTE DE LA MORITA,17724.1714,BAJA,136
35,CONIL DE LA FRONTERA-VEJER DE LA FRONTERA DE CÁDIZ,12335.2348,MUY BAJA,204
36,SENDA DE LOS PRISIONEROS DE LOS PRISIONEROS,13246.8315,PROFESIONAL,120
37,PUERTA VERDE DE SAN FERNANDO SANTA MARÍA DE JESÚS,14340.6836,ALTA,292
38,PIEDRA PARDA DE SAN BARTOLOMÉ,1599.1171,MEDIA,163
39,RÍO HOZGARGANTA ROCHE,10098.4134,BAJA,162
40,LLANO DEL REPUBLICANO DE BARBATE,11984.1578,MEDIA,67
41,JARILLO-TORRE DE MECA LANCES,15155.6611,PROFESIONAL,52
42,CASA DEL DORNAJO DE LOS PESCADORES,14846.762,BAJA,101
43,ARROYO DE SAN CARLOS DEL TIRADERO DE GARCIAGO,15479.5677,MUY ALTA,177
44,CAÑADA REAL LOS RATONES DEL GRULLO,9989.379,MUY ALTA,57
45,LA PEÑA DE VICOS,14334.4914,MUY ALTA,195
46,LAS PLATERAS DE LA MIEL,17965.1895,MUY ALTA,248
47,CAMINO DEL GRULLO DE RISCO BLANCO,3135.4878,PROFESIONAL,249
48,CAMINO DE LAS SALINAS DE GAIDOVAR,6161.9678,ALTA,138
49,CORREDOR VERDE DOS BAHIAS. TRAMO III DE ESPERA,14151.0704,BAJA,68
50,PASARELAS DEL LITORAL DE ROTA DE LA ERA EMPEDRADA,17829.9277,PROFESIONAL,257
51,CALAS DE ROCHE ,7683.4964,PROFESIONAL,210
52,LAGUNA DE LOS TOLLOS LANCES,11448.7665,PROFESIONAL,153
53,JARILLO-TORRE DE MECA VERDE DOS BAHIAS. TRAMO IV,5916.1393,BAJA,39
54,JARILLO-TORRE DE MECA VERDE DE LA SIERRA,11427.8346,BAJA,231
55,RIBERA DEL PALMONES DEL DORNAJO,16081.437,MUY BAJA,72
56,CERRO DEL TAMBOR VERDE DEL PARQUE DE LAS CAÑADAS,2734.4551,MUY ALTA,274
57,LLANO DEL RABEL DE LA CAÑADA DE MÁLAGA,15382.5479,MEDIA,98
58,PINAR DE LOS FRANCESES TEJA,4357.9056,MUY BAJA,211
59,RIO MAJACEITE GANADERAS DE JIMENA,17774.8601,ALTA,112
60,CALAS DE ALGECIRAS VERDE DEL LITORAL COSTA BALLENA-CHIPIONA,13794.2875,MUY ALTA,97
61,PASADA DEL BOYAL- LA SUARA DEL REPUBLICANO,7208.1948,PROFESIONAL,288
62,DUNAS DEL RINCONCILLO DE ZAFRAMAGÓN,17085.2941,MUY BAJA,200
63,LAGUNA DE BENAJIMA DEL MOLINO,13605.6642,MEDIA,124
64,MEANDROS DEL GUADALETE VERDE DEL LITORAL COSTA BALLENA-CHIPIONA,7930.3338,BAJA,255
65,RUTA DE LOS BANDOLEROS RURALES DE BENALUP-CASAS VIEJAS,6867.4592,MUY ALTA,121
66,CERRO DE LA PLAZA DE ARMAS AL SANTUARIO DE NUESTRA SEÑORA DE LOS SANTOS,5986.7283,BAJA,96
67,ASCENSIÓN AL RELOJ Y AL SIMANCÓN DE LOS REMEDIOS,19839.3851,MEDIA,90
68,CALAS DE ROCHE DE CHAVARRIA,12615.1917,MUY ALTA,221
69,LA ALBINA HOZGARGANTA,9765.5805,MEDIA,276
70,MARISMAS DEL BARBATE AL CERRO VERDUGO,18815.9429,PROFESIONAL,75
71,QUINTAS DE ALGAR DE LÍBAR,7348.2635,PROFESIONAL,83
72,CAMINO DE LOS PESCADORES ,6357.5485,MEDIA,266
73,RUTA DE LA CAÑADA DE MÁLAGA DEL MORO,15903.364,MUY ALTA,60
74,PUERTA VERDE DE CHICLANA DE LA FRONTERA-VEJER DE LA FRONTERA,19441.8277,MUY BAJA,116
75,LA HERRADURA DE BARBATE DE MONTECOCHE,3716.7488,ALTA,220
76,EL CABRITO - PUERTO DEL BUJEO DE LAS FIGURAS,16025.0222,PROFESIONAL,174
77,SIERRA DE FATES CAÑILLO,13425.8343,MUY BAJA,279
78,LA LADERA DEL ARROYO DE LA GARGANTA DEL BOYAR,18786.804,PROFESIONAL,110
79,OJO DEL MORO DE BOLONIA,12801.7214,ALTA,213
80,LAS PLATERAS DE ZAFRAMAGÓN,11493.7516,BAJA,181
81,EL SALTADERO VENTAS TRASHUMANTES,7719.7088,MEDIA,229
164,GARGANTA DE MILLAN HERRADURA DE BARBATE,13769.3918,MUY ALTA,218
82,RUTA DE LA CAÑADA DE MÁLAGA ALTO DE EL BOSQUE,17866.3975,PROFESIONAL,72
83,LLANO DEL RABEL DEL BUJEO - HOYO DE DON PEDRO,3048.6993,PROFESIONAL,97
84,SALTO DEL CABRERO DE LA VENTA DEL SILLETERO,6825.4212,ALTA,217
85,CORREDOR VERDE DOS BAHIAS. TRAMO II GANADERAS DE JIMENA,13737.0545,MUY ALTA,221
86,ZAHARA DE LOS ATUNES-ATLANTERRA DEL EMBALSE DE BORNOS,9699.6531,MUY BAJA,240
87,LA CALZADA DEHESA BOYAL MESA DEL ESPARRAGAL,4768.477,ALTA,124
88,LLANO DEL REPUBLICANO ,13836.5092,MUY BAJA,159
89,COLADA DE LA COSTA DEL BACINETE,19299.0,MUY ALTA,43
90,RIO MAJACEITE Y TAJO,14351.3938,MEDIA,65
91,LAGUNA DE TARAJE Y SAN ANTONIO VERDE DOS BAHIAS. TRAMO I,12940.3983,MEDIA,250
92,VEJER DE LA FRONTERA-CANTARRANAS DE LOS BATANES,9821.4388,PROFESIONAL,207
93,MONTE ALGAIDA ALGARBES-BETIJUELO,9371.8109,PROFESIONAL,171
94,PICACHO-PEGUERA DEL CALVARIO,3558.7257,MUY BAJA,57
95,PUERTA VERDE DE SAN FERNANDO DEL CAPITÁN,4754.6732,MEDIA,268
96,PATRIMONIO FRONTERIZO GANADERAS DE JIMENA,12282.4692,PROFESIONAL,75
97,RUINAS DE ESPERILLA DEL ARROYO ALGAMASILLA,16629.8233,PROFESIONAL,247
98,BARBATE-ERMITA DE SAN AMBROSIO FLUVIAL DEL RÍO PÍCARO,5132.2361,BAJA,292
99,BARBATE-ERMITA DE SAN AMBROSIO VERDE DEL PARQUE DE LAS CAÑADAS,6455.7118,MUY BAJA,299
100,TORRE GUADALMESÍ DE LOS BATANES,9891.9135,MUY ALTA,130
101,DEHESA DEL BOYAR PUENTES ROMANOS DE MEDINA SIDONIA,8612.539,MUY BAJA,49
102,TAVIZNA-EMBALSE DE LOS HURONES DE LAS PRESILLAS,9406.5739,MEDIA,193
103,RIO ALHAJA ALTO,3134.1777,MEDIA,244
104,SALTO DEL CABRERO DEL ALJIBE,7166.3665,MEDIA,92
105,ERMITA DE LOS REMEDIOS VENTAS TRASHUMANTES,6987.0819,MUY ALTA,87
106,CORREDOR VERDE DOS BAHIAS. TRAMO III DE LOS PALOMINOS,7146.4005,MUY BAJA,65
107,SUBIDA AL MOGOTE FRONTERIZO,16658.5038,MUY BAJA,239
108,LAS LOMAS DE CÁMARA VERDE DE ALGECIRAS,10819.2999,MUY BAJA,68
109,LAS QUEBRADAS DEL EMBALSE DE ARCOS,6587.2229,BAJA,158
110,LAS GUAREÑAS - LA SUARA DE BENAJIMA,11545.9278,BAJA,179
111,MONTE DE LA TORRE GUADALMESÍ,7118.9098,MUY BAJA,276
112,TORRE DE LA MORITA PARDA,4665.281,PROFESIONAL,281
113,RIBERA DE GAIDOVAR VERDE DE SAN FERNANDO,15617.4843,MUY ALTA,67
114,SENDA DE LOS PRISIONEROS TRES PINOS,9192.8552,ALTA,34
115,CANUTO DEL ARROYO ALGAMASILLA DE LAS FIGURAS,4427.5974,MUY ALTA,278
116,VEREDA DE BARBATE DE LA TORRE,17225.775,BAJA,84
117,CAMPOBUCHE DE CONIL,2409.5942,BAJA,267
118,RUTA DEL VIAJERO AMIGOS - RÍO ARILLO,12297.5228,MUY BAJA,190
119,PASEO DE LA CRUZ DE LA SIERRA DE LIJAR DE LOS REMEDIOS,13810.0638,MUY BAJA,226
120,FÁBRICAS DE LUZ VERDE DE CHICLANA,17492.1825,MUY BAJA,209
121,CERRO DEL AGUILA PINAR DEL REY DE CAOS,3902.8729,ALTA,166
122,LAS SIERRAS DE ALGODONALES LOMAS DE CÁMARA,17866.4569,MEDIA,91
123,RÍO ROCINEJO FUENTES,2738.3273,PROFESIONAL,290
124,PUERTA VERDE DE ALGECIRAS DE SAN CARLOS DEL TIRADERO,4686.0443,MUY ALTA,138
125,PUERTO DEL BUJEO - HOYO DE DON PEDRO AL ALJIBE,13445.5696,ALTA,196
126,VEREDA DE LA VENTA DEL SILLETERO DE BOLONIA-PULIDO,7434.5581,MEDIA,41
127,VÍA VERDE DE LA COSTA NOROESTE ,12143.168,BAJA,91
128,MURTA DE SAN AMBROSIO,17327.2279,MEDIA,77
129,OCURI TEJA,11641.4024,MUY BAJA,196
130,MARISMAS DEL BARBATE GUAREÑAS - LA SUARA,3775.6543,MEDIA,176
131,CALAS DE CONIL DE LOS TOLLOS,10257.6681,MUY BAJA,297
132,GARGANTA DE PUERTO OSCURO DE TARAJE Y SAN ANTONIO,6535.5092,MUY ALTA,282
133,LA PEDRIZA BODEGA,9079.0506,MUY ALTA,239
134,CONIL DE LA FRONTERA-VEJER DE LA FRONTERA DEL CHARCO,6234.9193,PROFESIONAL,193
135,LA ANTIGUA LAGUNA DE LA JANDA DE LOS REMEDIOS,17971.7646,MEDIA,206
136,ARROYOMOLINOS DE ROCHE,5270.5381,ALTA,52
137,LAS ALBINAS FLUVIAL DEL RÍO PÍCARO,4865.2843,MUY BAJA,289
138,PASEO AL SANTUARIO DE NUESTRA SEÑORA DE LOS SANTOS DE LA PLAZA DE ARMAS,10559.3246,ALTA,66
139,JARILLO-TORRE DE MECA ATALAYA,9467.5877,MEDIA,212
140,DOLMEN DE LOS LAJARES Y CANCHA BERMEJA PEÑA,10902.852,PROFESIONAL,146
141,PICACHO-PEGUERA VENTAS TRASHUMANTES,9209.677,MUY BAJA,277
142,ASCENSO AL TAJO LAGARÍN ,11431.1204,MEDIA,167
143,LAGUNA DE TARAJE Y SAN ANTONIO CALZADA ROMANA,2909.5911,BAJA,32
144,EL CANALIZO DE LA SIERRA DE LÍJAR DE UBRIQUE - ASOMADILLA,4270.947,ALTA,298
145,PUERTO DE BOLONIA-PULIDO VERDE DE LA COSTA NOROESTE,8680.4862,ALTA,245
146,ANTIGUA SALINA-FANGOS MAREALES DEL RÍO BARBATE DEL GRULLO,9848.5401,MEDIA,136
147,LA ANTIGUA LAGUNA DE LA JANDA DE ALGECIRAS,16480.579,BAJA,191
148,DEHESA DE ROCHE DE LA VÍBORA,3214.6444,ALTA,220
149,ARROYO CAÑUELO SALINA-FANGOS MAREALES DEL RÍO BARBATE,9619.4232,BAJA,175
150,RUTA DE LOS MOLINOS AL ALJIBE,13949.1299,ALTA,229
151,ANTIGUA SALINA-FANGOS MAREALES DEL RÍO BARBATE VERDE DOS BAHIAS. TRAMO II,1571.9594,MUY BAJA,271
152,LA CALZADA ROMANA Y TAJO,5968.1672,MUY BAJA,213
153,LLANO DEL REPUBLICANO DEL VIAJERO,5208.1378,PROFESIONAL,168
154,LAS GUAREÑAS - PASADA DEL BOYAL VERDE DE SANLÚCAR DE BARRAMEDA,5153.9864,MUY ALTA,221
155,DEL ACANTILADO DEL TAJO,7779.7923,ALTA,113
156,SALINAS Y MARISMAS DE TREBUJENA DE LOS REMEDIOS,4888.9172,MUY ALTA,51
157,RÍO HOZGARGANTA DE BARRIDA,2176.0963,MUY ALTA,293
158,LOS LLANOS DEL BERRAL PEDRIZA,16421.9215,BAJA,161
159,CAÑADA REAL DE JEREZ A RONDA DEL GUADIARO,6514.9008,PROFESIONAL,43
160,SALTO DEL CABRERO AL CERRO PICACHO DE PUERTO SERRANO,1392.0423,BAJA,185
161,LA CALZADA ROMANA DE VENTA DE LECHE,18432.5643,ALTA,262
162,RUTA DE LA PLAYA DE LA BARROSA DEL CAPITÁN,4438.7145,MUY ALTA,166
163,CORREDOR VERDE DOS BAHIAS. TRAMO II DE LOS PALOMINOS,15624.6704,MUY ALTA,86
165,PUERTA VERDE DE SAN ROQUE LAS CANTERAS Y EL TEJÓN,12492.3248,MUY ALTA,38
166,SALINAS DEL RATÓN ROCINEJO,17212.4916,ALTA,202
167,MONTE DE LA TORRE VERDE DOS BAHIAS. TRAMO IV,6052.2659,MEDIA,278
168,VEREDA DE LA ASOMADA VERDE DE SAN ROQUE,5681.9762,PROFESIONAL,76
169,LOS TRES PINOS DEL GRULLO,10137.9949,MUY ALTA,238
170,PUERTA VERDE DEL PUERTO DE SANTA MARÍA FORESTAL,2602.4034,PROFESIONAL,130
171,PUERTA VERDE DE LA LÍNEA DE LA CONCEPCIÓN ROCINEJO,15872.9799,BAJA,43
172,RÍO GUADALMESÍ AL CERRO PICACHO DE PUERTO SERRANO,6708.5328,MUY BAJA,43
173,PUERTA VERDE DE CHICLANA DE ESPERILLA,12612.8705,MUY BAJA,296
174,LOS ALGARBES-BETIJUELO REAL DE JEREZ A RONDA,8632.0753,MUY BAJA,55
175,RUTA DE LA PLAYA DE LA BARROSA DEL DORNAJO,16566.4867,MUY BAJA,282
176,GARGANTA DEL CAPITÁN DE ESPERILLA,9298.0251,MUY BAJA,82
177,CORDEL DE MORÓN-MIRADOR DE LAS TOSCAS GUAREÑAS - PASADA DEL BOYAL,18742.2423,MEDIA,276
178,LA CALZADA DEHESA BOYAL GUAREÑAS - LA SUARA,3652.7808,ALTA,287
179,BARBATE-ERMITA DE SAN AMBROSIO MESA DEL ESPARRAGAL,10099.6851,MEDIA,145
180,CORREDOR VERDE DOS BAHIAS. TRAMO I DEL ENDRINAL,19396.2943,ALTA,57
181,CALAS DE ROCHE DE CAMINOS,19503.4036,MEDIA,230
182,DEHESA DEL BOYAR DEL VIAJERO,10302.66,MUY BAJA,30
183,SUBIDA AL MOGOTE DEL RATÓN,11836.981,MEDIA,65
184,MARISMAS DEL BARBATE ERMITA Y EL SANTO,14814.6409,MUY ALTA,63
185,LA GARGANTE VERDE DE PALMITOS Y BARBECHOS,13553.454,BAJA,94
186,GARGANTA DE PUERTO OSCURO DE BENAJIMA,6072.5384,PROFESIONAL,208
187,RIBERA DEL PALMONES DEL EMBALSE DE ARCOS,16426.5945,MEDIA,93
188,LA TEJA DEL BOYAR,1637.6175,MUY ALTA,36
189,SALINA CARBONEROS DE LA MORITA,14358.5371,MEDIA,79
190,CORDEL DE MORÓN-MIRADOR DE LAS TOSCAS DE ZAFRAMAGÓN,3023.9996,MUY BAJA,214
191,LA CALZADA ROMANA SALTILLO,2025.2323,PROFESIONAL,144
192,EL TESORILLO DE LOS PESCADORES,8224.0837,MUY ALTA,243
193,CAÑADA REAL LOS RATONES DE LA FRONTERA-VEJER DE LA FRONTERA,6711.1947,MEDIA,283
194,LA MUELA-LOS NACIMIENTOS TREN DEL AZÚCAR,10863.5133,MUY BAJA,184
195,LOS ALGARBES-BETIJUELO RURALES DE BENALUP-CASAS VIEJAS,15961.9035,MUY ALTA,235
196,LAS PLATERAS Y TAJO,3592.6689,ALTA,126
197,FRONTERA FORESTAL VERDE,5524.6718,MUY ALTA,194
198,RÍO HOZGARGANTA DE CONIL,11264.9648,MEDIA,280
199,RUTA ZAHARA - EL GASTOR GUAREÑAS - LA SUARA,2126.13,MUY BAJA,195
200,ARROYO CAÑUELO DE MORÓN-MIRADOR DE LAS TOSCAS,1480.8883,ALTA,99
201,LA BODEGA DEL CENTENARIO,19309.3066,MUY BAJA,170
202,JARILLO-TORRE DE MECA ZAHARA - EL GASTOR,4787.9085,MUY BAJA,106
203,SISTEMA DUNAR DE TORRE NUEVA Y TAJO,10444.5926,MEDIA,287
204,PASADA DEL BOYAL- LA SUARA DE MECA,6216.3017,PROFESIONAL,237
205,CERRO DEL CHARCO DE PALMITOS Y BARBECHOS,17703.9565,PROFESIONAL,250
206,PUERTO DE LAS PRESILLAS DEL RIO TREJO,5672.9352,PROFESIONAL,112
207,COLADA DE EL BOSQUE-CAMINO DEL ESPINO DE CONIL,19019.967,MUY BAJA,32
208,TORRE DE LA MORITA PRESA DEL EMBALSE DE BARBATE,3938.3564,BAJA,104
209,LA MESA DEL ESPARRAGAL DE LUZ,8789.0871,MUY BAJA,201
210,SANTUARIO DEL BACINETE VERDE DOS BAHÍAS,2402.9772,PROFESIONAL,161
211,SALINA LA TAPA DEL RINCONCILLO,18294.687,ALTA,94
212,FUENTES RURALES DE BENALUP-CASAS VIEJAS DE CAOS,1318.8837,PROFESIONAL,101
213,SUBIDA AL PICO ALBARRACÍN CAÑUELO,18134.6892,MUY BAJA,175
214,ERMITA DE LOS REMEDIOS DEL BOYAR,14247.2312,MUY BAJA,91
215,PASADA DEL BOYAL- LA SUARA SIERRAS DE ALGODONALES,18787.1106,MUY BAJA,125
216,SILLA DEL PAPA FLUVIAL DEL RÍO PÍCARO,11235.9114,MEDIA,108
217,LOMAS GANADERAS DE JIMENA REAL DE CORDERO,5998.49,BAJA,224
218,LA GARGANTE VERDE ACANTILADO,10668.3256,PROFESIONAL,122
219,COLA DEL EMBALSE DE ARCOS CARBONEROS,8011.9342,MUY BAJA,116
220,EL CABRITO - PUERTO DEL BUJEO DE SAN CARLOS DEL TIRADERO,16607.474,BAJA,243
221,PUERTA VERDE DE SAN ROQUE VERDE DE BORNOS,8775.1929,ALTA,162
222,CORREDOR VERDE DOS BAHIAS. TRAMO II DE LA REGINOSA,4512.9522,MEDIA,286
223,DEHESA DE ROCHE GANADERAS DE JIMENA,6301.1189,MUY ALTA,249
224,CALLEJÓN DEL MOLINO VERDE DOS BAHIAS. TRAMO IV,9530.896,BAJA,137
225,SUBIDA AL TAJO DE UTRERA DE CÁDIZ,6275.4217,MUY BAJA,223
226,CANTARRANAS-CORREDOR VERDE DOS BAHÍAS DE LOS MOLINOS,17560.9463,PROFESIONAL,244
227,UN VIAJE EN EL TIEMPO DE LA FUENTE SANTA,5189.5861,MUY ALTA,118
228,EL TESORILLO DE ROCHE,10385.3054,ALTA,127
229,CERRO DEL TAMBOR DE TARAJE Y SAN ANTONIO,8906.8584,MEDIA,65
230,COVEZUELAS-CHARCA VERDE DE BARBATE,4799.9005,MUY ALTA,151
231,SIERRA DEL CALVARIO FRONTERIZO,2655.6045,BAJA,99
232,SIERRA DE MONTECOCHE DE BOLONIA-PULIDO,15871.6306,MUY ALTA,271
233,TORVISCALEJO-NACIMIENTO DEL HONDÓN Y MARISMAS DE TREBUJENA,10190.3946,ALTA,111
234,CAMPOBUCHE DE LA CRUZ DE LA SIERRA DE LIJAR,16293.2068,ALTA,65
235,CORDEL DE MORÓN-MIRADOR DE LAS TOSCAS PLATERAS,7297.5465,ALTA,287
236,LOMA DE SAN BARTOLOMÉ DEL PALMONES,6093.7368,MUY BAJA,257
237,SUBIDA AL PICACHO DE LA FRONTERA-VEJER DE LA FRONTERA,15914.6779,MUY ALTA,221
238,SALINA CARBONEROS VIAJE EN EL TIEMPO,15113.9105,MUY ALTA,144
239,BENALUP-FACINAS AL SANTUARIO DE NUESTRA SEÑORA DE LOS SANTOS,4474.7337,MUY BAJA,277
240,RÍO HOZGARGANTA RURALES DE BENALUP-CASAS VIEJAS,15286.8906,ALTA,135
241,COLA DEL EMBALSE DE BORNOS DE LA COSTA,17825.6663,ALTA,219
242,ARROYO CAÑUELO DE BOLONIA-PULIDO,4812.3053,PROFESIONAL,118
243,LLANO DEL RABEL DE MONTECOCHE,15258.2508,ALTA,115
244,ESCARPES DEL RIO TREJO GUAREÑAS - LA SUARA,2552.1492,MUY ALTA,157
245,SALTO DEL CABRERO VERDE DE SAN ROQUE,12934.3528,BAJA,189
327,MONTE DE LA TORRE DEL MORO,11794.0467,PROFESIONAL,203
246,ZAHARA DE LOS ATUNES-ATLANTERRA DE LA CRUZ DE LA SIERRA DE LIJAR,13673.2197,ALTA,40
247,COLA DEL EMBALSE DE BORNOS DE ESPERILLA,16562.7834,MUY BAJA,273
248,CORREDOR VERDE DOS BAHIAS. TRAMO I DE CONIL,10773.1222,ALTA,42
249,CAÑADAS DE LA JANDA DE LA CRUZ DE LA SIERRA DE LIJAR,4925.6473,BAJA,186
250,SIERRAS DEL RETÍN Y LA PLATA MUELA-LOS NACIMIENTOS,4800.391,MUY ALTA,123
251,LOS LANCES DE LÍBAR,5284.4791,MUY ALTA,52
252,VÍA VERDE MATAGORDA DEL EMBALSE DE BORNOS,15091.6947,MUY BAJA,114
253,MONTE DE HIGUERÓN DE LA VENTA DEL SILLETERO,14344.3635,ALTA,79
254,TAVIZNA-EMBALSE DE LOS HURONES AL PICO ALBARRACÍN,5155.3407,BAJA,63
255,LAGUNA DE TARAJE Y SAN ANTONIO DEL RETÍN Y LA PLATA,6851.3566,MUY BAJA,95
256,LA BODEGA DE BOGAS,14971.6654,MEDIA,132
257,RÍO GUADALMESÍ LADERA,15377.29,ALTA,186
258,LOS TORUÑOS REAL LOS RATONES,4598.7387,BAJA,182
259,PICACHO-PEGUERA DE VALDEINFIERNO,19188.0607,MUY ALTA,233
260,SALINAS DEL RATÓN CANALIZO DE LA SIERRA DE LÍJAR,19450.1896,MUY ALTA,102
261,DE PUNTA CARNERO A GETARES HONDO,17558.8292,PROFESIONAL,193
262,LOS TRES PINOS DE CAOS,6196.2794,MUY ALTA,147
263,CASTILLO MEDIEVAL DE GIGONZA ,12891.8736,MUY ALTA,92
264,CAMPOBUCHE AL PICO ALBARRACÍN,4524.9624,BAJA,67
265,LOS ALGARBES-BETIJUELO VERDE DE SANLÚCAR DE BARRAMEDA,8547.5947,MEDIA,46
266,GARGANTA DE PUERTO OSCURO DE LA CRUZ DE LA SIERRA DE LIJAR,8326.1965,ALTA,204
267,VÍA VERDE DE BORNOS DE OJÉN,6210.1246,MUY ALTA,132
268,COLADA DE FUENTE AMARGA DE MONTECOCHE,14302.8014,MUY ALTA,267
269,PIEDRA PARDA EXTENSA VEGA DE BORNOS,4752.3357,PROFESIONAL,218
270,RIBERA DEL EMBALSE DE BORNOS GARGANTE VERDE,19752.922,PROFESIONAL,225
271,SUBIDA AL CERRO PICACHO DE PUERTO SERRANO PEÑA,16010.2124,MEDIA,297
272,ANTIGUA SALINA-FANGOS MAREALES DEL RÍO BARBATE CAMARINAL,7259.9258,BAJA,275
273,PASARELAS DEL LITORAL DE ROTA DE TRAFALGAR-CONIL DE LA FRONTERA,10450.9215,MUY ALTA,97
274,LA TOLETA DE VENTA DE LECHE,2903.9105,BAJA,180
275,PASADA DEL BOYAL- LA SUARA DE FARDELA,6944.9901,MUY BAJA,63
276,CAMINO DE LOS CHARCONES DE LA PLAYA DE LA BARROSA,12463.6867,MUY ALTA,194
277,CORREDOR VERDE DOS BAHIAS. TRAMO III DE LOS REMEDIOS,3108.2836,BAJA,228
278,LOS ALGARBES-BETIJUELO AL TAJO DE UTRERA,14249.7073,MEDIA,229
279,OCURI DE LA FRONTERA-VEJER DE LA FRONTERA,2014.3891,BAJA,262
280,EL TREN DEL AZÚCAR DEL GUADIARO,18519.9483,ALTA,49
281,PRESA DEL FRESNILLO AL PICACHO,18756.4443,MEDIA,63
282,RUTA DE LOS BANDOLEROS DE ZAFRAMAGÓN,1945.1418,MEDIA,176
283,GARGANTA DE BOGAS DE LOS FRANCESES,10396.026,MEDIA,289
284,PARQUE DEL CENTENARIO MESA DEL ESPARRAGAL,15696.7162,MUY BAJA,213
285,SENDA DE LOS PRISIONEROS DE ZAFRAMAGÓN,8194.0338,MEDIA,208
286,ENCRUCIJADA DE CAMINOS DEL BUJEO - HOYO DE DON PEDRO,1068.5814,PROFESIONAL,134
287,LA MENACHA GUADALMESÍ,8342.384,BAJA,87
288,COLADA DE VENTA DE LECHE DE LA FRONTERA-CANTARRANAS,3198.0553,MUY BAJA,292
289,CALLEJÓN DEL MOLINO DE LOS PALOMINOS,8021.2465,MEDIA,60
290,LOMA DE SAN BARTOLOMÉ AL TAJO LAGARÍN,8721.4493,MUY ALTA,284
291,ENCINAR DE VICOS LOMAS DE CÁMARA,13088.5281,MUY ALTA,278
292,VILLALUENGA-NAVAZOS DE CAOS DE LA PLAZA DE ARMAS,10201.2974,PROFESIONAL,265
293,CAMINO DE LA ERA EMPEDRADA ,17207.5144,MUY ALTA,84
294,SALINAS Y MARISMAS DE TREBUJENA DEL RÍO HONDÓN,8723.0094,MUY ALTA,50
295,BENALUP-FACINAS ACANTILADO,15573.1863,MUY BAJA,155
296,EL CARRASCÓN TOLETA,1537.4861,MUY BAJA,251
297,PUERTA VERDE DEL PUERTO DE SANTA MARÍA BODEGA,15238.6273,BAJA,213
298,COLADA DE VENTA DE LECHE RURALES DE ROTA,17671.8256,MUY BAJA,82
299,ALGODONALES-LOS NACIMIENTOS DE LOS REMEDIOS,4970.6829,MUY BAJA,189
300,CAMINO ALTO DE EL BOSQUE MONTERA DEL TORERO,4363.1233,MUY BAJA,135
301,GARGANTA DE PUERTO OSCURO DEL PALMONES,19580.6865,MUY BAJA,215
302,LA SUARA PLATERAS,12824.8877,ALTA,289
303,ERMITA DE LOS REMEDIOS GARGANTE VERDE,15897.2528,PROFESIONAL,127
304,TAJO DE LAS FIGURAS ALBINA,17364.6282,MUY BAJA,283
305,DOLMEN DE LOS LAJARES Y CANCHA BERMEJA DE FATES,12486.405,ALTA,198
306,LAGUNA DE BENAJIMA FUENTES,9852.393,MUY ALTA,139
307,SALINA SANTA MARÍA DE JESÚS LAGARÍN,14128.7265,MUY ALTA,179
308,RUTA DE LOS BANDOLEROS DEL ALJIBE,13710.8661,MUY BAJA,185
309,OCURI DE ESPERA,1393.823,PROFESIONAL,35
310,TAJO DEL PAJARRACO AL SANTUARIO DE NUESTRA SEÑORA DE LOS SANTOS,9342.3332,MUY BAJA,222
311,PUERTA VERDE DE SANLÚCAR DE BARRAMEDA REAL DE CORDERO,7740.3316,ALTA,109
312,PASEO AL SANTUARIO DE NUESTRA SEÑORA DE LOS SANTOS DEL BUJEO - HOYO DE DON PEDRO,11205.3242,ALTA,210
313,TAJO DE LAS FIGURAS ALGARBES-BETIJUELO,17676.6233,PROFESIONAL,182
314,BARRANCO HONDO DEL CAPITÁN,18713.3751,MUY BAJA,195
315,LA ANTIGUA LAGUNA DE LA JANDA ALGAIDA,3821.8735,MUY BAJA,268
316,DEHESA DE ROCHE DE LA JANDA,12644.7088,PROFESIONAL,294
317,LAS ALBINAS DEL RAYO,3429.7842,MUY BAJA,98
318,DUNAS DEL RINCONCILLO DE MORÓN-MIRADOR DE LAS TOSCAS,5102.0913,MEDIA,170
319,DESCENSO DEL ARROYO DE LA GARGANTA DEL BOYAR DE TRAFALGAR-CAÑOS DE MECA,18924.9521,MUY BAJA,263
320,LAS QUEBRADAS AL PICO ALBARRACÍN,7030.2392,MUY BAJA,39
321,SALINAS Y CAÑADAS DE PRADO DEL REY Y  EL BOSQUE DE ROCHE,11868.5744,BAJA,254
322,RIBERA DE GAIDOVAR VERDE DOS BAHIAS. TRAMO III,8929.5826,MUY ALTA,161
323,COLA DEL EMBALSE DE ARCOS ,18433.5028,MUY ALTA,227
324,RÍO ROCINEJO DEL RÍO HONDÓN,8856.2785,MUY BAJA,237
325,TAJO DE ARCOS DEL RINCONCILLO,13509.5465,MEDIA,80
326,BRAÑAHONDA MUELA-LOS NACIMIENTOS,14216.9941,PROFESIONAL,181
328,LAS QUEBRADAS ,19872.0371,PROFESIONAL,39
329,DUNA DE BOLONIA DEL PAPA,3512.7268,MUY ALTA,283
330,SUBIDA AL CERRO ALBARRACINEJO DE SAN BARTOLOMÉ,5286.9201,BAJA,267
331,VÍA VERDE MATAGORDA MAJACEITE,3080.4219,PROFESIONAL,185
332,DE SETENIL A CAÑOS SANTOS HONDO,11212.5461,MEDIA,196
333,PUERTA VERDE DEL PUERTO DE SANTA MARÍA VERDE MATAGORDA,1248.139,PROFESIONAL,140
334,ARROYO DE VALDEINFIERNO DE LAS MOCITAS,8195.2761,MUY ALTA,139
335,CONIL DE LA FRONTERA-VEJER DE LA FRONTERA DE LA PLAZA DE ARMAS,4043.4189,PROFESIONAL,290
336,CALAS DE ROCHE A LA SILLA,1155.24,MUY ALTA,33
337,LAS AGUILILLAS - LAS GUAREÑAS DEL DORNAJO,18018.4688,MUY ALTA,160
338,VEREDA DE LA ASOMADA DEL DESCANSADERO,13191.6423,ALTA,291
339,SUBIDA AL CERRO VERDUGO HERRADURA DE BARBATE,8971.2789,PROFESIONAL,165
340,DESCENSO DEL ARROYO DE LA GARGANTA DEL BOYAR DEL HONDÓN,17951.6412,ALTA,299
341,MONTE DE LA TORRE PLATERAS,15427.5326,MUY ALTA,284
342,TRES AMIGOS - RÍO ARILLO ALTA,10665.3472,MEDIA,84
343,FARO CAMARINAL DE LAS PRESILLAS,9122.8453,PROFESIONAL,102
344,CAMINO DE CHAVARRIA DE FARDELA,8492.5257,PROFESIONAL,211
345,MARISMAS DEL RÍO PALMONES DE LAS PRESILLAS,12641.423,PROFESIONAL,234
346,ARROYO DE SAN CARLOS DEL TIRADERO ALTA,2160.1722,MUY BAJA,203
347,RÍO ROCINEJO AL ALJIBE,1323.858,MUY BAJA,39
348,CALAS DE ROCHE DE LOS MOLINOS DE SETENIL,8479.3252,MUY BAJA,222
349,VÍA VERDE MATAGORDA DE RAMOS,6325.2379,MUY BAJA,281
350,ASCENSO AL TAJO LAGARÍN DE VENTA DE LECHE,8836.4496,MUY ALTA,178
351,ENCRUCIJADA DE CAMINOS RURALES DE ROTA,15209.4553,MUY BAJA,273
352,VÍA VERDE DE BORNOS DE ROCHE,16540.9977,PROFESIONAL,56
353,HUERTA LAGARÍN HOZGARGANTA,2575.5637,ALTA,138
354,LAS AGUILILLAS - LAS GUAREÑAS DEL AGUILA PINAR DEL REY,18494.5858,BAJA,65
355,CORREDOR VERDE DOS BAHIAS. TRAMO IV HONDO,4250.8143,MUY ALTA,141
356,SIERRA DE LAS VIÑAS DEL CAPITÁN,12425.4712,PROFESIONAL,203
357,ESCARPES DEL RIO TREJO DEL RAYO,16913.9487,MUY ALTA,260
358,RUTA DE LA CAÑADA DE MÁLAGA DE TARAJE Y SAN ANTONIO,11641.1248,MEDIA,187
359,CAÑADA REAL DE CORDERO DEL BACINETE,4096.4413,PROFESIONAL,177
360,VEJER DE LA FRONTERA-PALOMAR DE LA BREÑA PUNTA CARNERO A GETARES,8137.1222,ALTA,94
361,ALBERITE DE LUZ,12270.7374,BAJA,141
362,PRESA DEL FRESNILLO VERDE DE LA COSTA NOROESTE,16130.8181,MUY BAJA,95
363,ESCARPES DEL RIO TREJO AL CERRO VERDUGO,6823.478,ALTA,42
364,CAÑADA REAL DE JEREZ A RONDA FLUVIAL DEL RÍO PÍCARO,7079.9389,MUY ALTA,175
365,LAGUNAS LAS CANTERAS Y EL TEJÓN AL ALJIBE,10626.3783,PROFESIONAL,48
366,CAMPOBUCHE DEL RAYO,18596.9938,PROFESIONAL,285
367,CABO DE TRAFALGAR-CAÑOS DE MECA DEL RETÍN Y LA PLATA,19227.0657,BAJA,291
368,PUERTA VERDE DE SANLÚCAR DE BARRAMEDA DE LOS POZOS,1527.2695,ALTA,195
369,EL CAÑILLO DE LOS FRANCESES,7364.3192,PROFESIONAL,110
370,DE PUNTA CARNERO A GETARES DEL DESCANSADERO,18986.0278,BAJA,66
371,TAJO DE LAS FIGURAS VERDE DEL LITORAL COSTA BALLENA-CHIPIONA,4987.4307,MUY ALTA,235
372,LOS ALGARBES-BETIJUELO DEL EMBALSE DE ARCOS,2092.9178,PROFESIONAL,287
373,LOS ALGARBES-BETIJUELO MUELA-LOS NACIMIENTOS,14472.1334,MUY BAJA,278
374,PUERTO DE BOLONIA-PULIDO DE LA FRONTERA-VEJER DE LA FRONTERA,14213.3289,MUY BAJA,142
375,LA ANTIGUA LAGUNA DE LA JANDA CARRASCÓN,4697.5017,BAJA,287
376,RUINAS DE ESPERILLA AL TAJO LAGARÍN,18867.3686,BAJA,197
377,NAVAZO ALTO MUELA-LOS NACIMIENTOS,1754.4624,PROFESIONAL,59
378,GARGANTA DEL CAPITÁN DE LOS POZOS,14651.9477,ALTA,150
379,BRAÑAHONDA VERDE MATAGORDA,18944.2553,MUY ALTA,250
380,LOS TORUÑOS DE MONTECOCHE,12781.6152,MUY ALTA,249
381,VEREDA DE LA ASOMADA PARDA,4464.148,MEDIA,218
382,LOMO DEL JUDÍO DE LA REGINOSA,2974.5254,MEDIA,286
383,LOMA DE SAN BARTOLOMÉ DE CHAVARRIA,15195.1517,MUY BAJA,239
384,TRES AMIGOS - RÍO ARILLO TOLETA,4960.4489,PROFESIONAL,79
385,ARROYO DE SAN CARLOS DEL TIRADERO ALGAIDA,17513.3692,PROFESIONAL,118
386,HUERTA LAGARÍN VERDE DE SAN FERNANDO,4088.5994,MUY BAJA,65
387,SUBIDA AL PICO ALBARRACÍN DE SAN ANTÓN,16198.0422,MUY ALTA,100
388,SUBIDA A LA SILLA ZAHARA - EL GASTOR,12901.9668,ALTA,274
389,COLA DEL EMBALSE DE BORNOS CABRITO - PUERTO DEL BUJEO,18646.2385,MEDIA,126
390,VEJER DE LA FRONTERA-CANTARRANAS DEL BOQUERÓN,6339.9452,ALTA,196
391,PINAR DE LA ALGAIDA-SALINA DESAMPARADOS DE LOS REMEDIOS,12880.8257,BAJA,209
392,CAMINOS RURALES DE ROTA DE LA MIEL,13280.4891,MUY BAJA,80
393,CERRO DEL ÁGUILA DEL EMBALSE DE ARCOS,17104.1881,MEDIA,196
394,DEHESA DEL BOYAR FORESTAL,4649.977,ALTA,268
395,HUERTA LAGARÍN DE LOS CHARCONES,19916.5108,MUY BAJA,251
396,SUBIDA AL PICACHO DE LA TORRE,6992.7303,PROFESIONAL,93
397,MURTA DE LOS MARCHANTES,15302.3628,MEDIA,99
398,FÁBRICAS DE LUZ DE MILLAN,8543.9923,MEDIA,183
399,PARQUE DEL CENTENARIO DE LA FRONTERA-PALOMAR DE LA BREÑA,1354.9224,PROFESIONAL,164
400,VÍA VERDE DE LA COSTA NOROESTE RURALES DE ROTA,12971.1996,MUY BAJA,58
401,DEL ACANTILADO AL CERRO VERDUGO,2832.9049,ALTA,151
402,PRESA DEL FRESNILLO CAÑUELO,9797.5247,BAJA,76
403,VEJER DE LA FRONTERA-CANTARRANAS DE MEDINA,10512.7996,BAJA,149
404,BRAÑAHONDA VERDE DE LA LÍNEA DE LA CONCEPCIÓN,17932.0737,ALTA,51
405,COVEZUELAS-CHARCA VERDE GUAREÑAS - LA SUARA,16401.09,MEDIA,202
406,RUTA DE LA CAÑADA DE MÁLAGA AL SANTUARIO DE NUESTRA SEÑORA DE LOS SANTOS,7826.7396,ALTA,171
407,LAS QUEBRADAS TEJA,1225.6619,ALTA,82
408,BARRANCO HONDO ALBINAS,3567.8362,ALTA,51
409,LOS PUENTES ROMANOS DE MEDINA SIDONIA DE LA FRONTERA-PALOMAR DE LA BREÑA,6491.8642,BAJA,259
410,EL SALTADERO PLATERAS,6420.2255,MUY BAJA,210
411,PIEDRA PARDA DE LOS REMEDIOS,7971.7703,MUY BAJA,232
412,SIERRA DE FATES AL PICACHO,6319.2501,PROFESIONAL,270
413,LOS ALGARBES-BETIJUELO Y TAJO,9562.2495,MEDIA,282
414,SUBIDA AL CERRO PICACHO DE PUERTO SERRANO ALGAIDA,13256.4086,PROFESIONAL,111
415,ALBERITE DEL CABRERO,13382.1778,PROFESIONAL,300
416,LOS ALGARBES-BETIJUELO DE LA JANDA,16888.0135,ALTA,66
417,LA MUELA-LOS NACIMIENTOS DE LA MORITA,8762.3537,ALTA,90
418,COLADA DE FUENTE AMARGA CAMARINAL,19092.1927,MEDIA,157
419,CALAS DE CONIL ,1342.6923,BAJA,71
420,COLADA DE FUENTE AMARGA CAÑUELO,7572.3703,ALTA,246
421,GARGANTA DE PUERTO OSCURO DE SAN BARTOLOMÉ,12922.2669,MUY ALTA,185
422,PUERTA VERDE DE SAN FERNANDO DEL BOYAR,18867.5548,ALTA,181
423,SALINA SANTA MARÍA DE JESÚS DEL PILAR,5909.1928,PROFESIONAL,154
424,CAÑADA REAL DE CORDERO DE LA MORITA,4662.5012,PROFESIONAL,91
425,LA PEÑA DE SAN ANTÓN,10720.3114,PROFESIONAL,144
426,VEREDA DE LA ASOMADA MONTERA DEL TORERO,5273.2052,ALTA,208
427,ENCINAR DE VICOS ,17359.7054,MEDIA,225
428,LAGUNA DE LOS TOLLOS DE PUERTO OSCURO,18431.9637,MUY BAJA,95
429,RÍO DE LA MIEL DEL PILAR,19062.2137,MUY ALTA,39
430,LA MUELA-LOS NACIMIENTOS AL CERRO PICACHO DE PUERTO SERRANO,2117.9937,MUY ALTA,34
431,LAGUNA DE TARAJE Y SAN ANTONIO DE LAS VIÑAS,1407.2797,BAJA,158
432,ARROYO DE VALDEINFIERNO DEL RATÓN,11628.4153,ALTA,82
433,CAMINO DE LA ERA EMPEDRADA DEL ÁGUILA,10101.2651,BAJA,237
434,RUTA DE LA CAÑADA DE MÁLAGA DEL PALMONES,8283.9738,ALTA,99
435,DEL ACANTILADO VERDE DEL PUERTO DE SANTA MARÍA,14412.4938,PROFESIONAL,60
436,LA ALBINA VERDE DOS BAHÍAS,18870.7974,PROFESIONAL,95
437,FUENTE DE RAMOS DEL DORNAJO,17110.5053,PROFESIONAL,52
438,LAS VENTAS TRASHUMANTES DEL BOQUERÓN,15849.4241,MUY ALTA,120
439,LOS LLANOS DEL BERRAL DE LA ESPERANZA,6585.2336,MUY ALTA,37
440,CERRO DE LA PLAZA DE ARMAS DE ROCHE,15008.7209,BAJA,222
441,DOLMEN DE LOS LAJARES Y CANCHA BERMEJA LAGARÍN,7093.7852,MUY ALTA,104
442,LA TEJA VERDE DE JEREZ DE LA FRONTERA,10476.1231,MUY BAJA,110
443,ARROYO CAÑUELO VERDE DE SAN FERNANDO,11056.535,MUY BAJA,250
444,PUERTO DE BOLONIA-PULIDO LOMAS DE CÁMARA,11567.1512,PROFESIONAL,280
445,LA LADERA DE BOGAS,9366.53,MUY BAJA,140
446,SALINA SANTA MARÍA DE JESÚS NACIMIENTOS,7803.6834,MUY BAJA,263
447,PASEO DE LOS POZOS DE VENTA DE LECHE,10979.1009,MUY BAJA,77
448,LA CALZADA DEHESA BOYAL DE TRAFALGAR-CONIL DE LA FRONTERA,14511.9201,PROFESIONAL,62
449,GARGANTA DE PUERTO OSCURO VERDE DEL PUERTO DE SANTA MARÍA,10590.8987,PROFESIONAL,122
450,RUTA DE LOS MOLINOS DE SETENIL DEL RINCONCILLO,8567.9191,PROFESIONAL,79
451,ALGODONALES-LOS NACIMIENTOS PRESA DEL EMBALSE DE BARBATE,8790.4898,PROFESIONAL,207
452,FARO CAMARINAL DE LA ERA EMPEDRADA,12820.0701,MUY ALTA,227
453,LAS QUEBRADAS DEL ALJIBE,5771.7068,MUY ALTA,241
454,SISTEMA DUNAR DE TORRE NUEVA AL RELOJ Y AL SIMANCÓN,18204.7415,MUY BAJA,137
455,CAÑADA REAL DE JEREZ A RONDA DE LA CRUZ DE LA SIERRA DE LIJAR,1440.3206,PROFESIONAL,188
456,RÍO HOZGARGANTA MAJACEITE,3284.956,PROFESIONAL,136
457,DESCENSO DEL ARROYO DE LA GARGANTA DEL BOYAR A LA CRUZ DEL TAJO DE UBRIQUE,8589.3982,ALTA,248
458,DUNAS DEL RINCONCILLO PLATERAS,13043.1731,ALTA,248
459,SIERRA DE FATES ,6500.0719,MUY ALTA,214
460,LAS LOMAS DE CÁMARA VERDE DOS BAHIAS. TRAMO III,9776.1038,PROFESIONAL,257
461,VEJER DE LA FRONTERA-CANTARRANAS DE TRAFALGAR-CAÑOS DE MECA,15083.0661,BAJA,281
462,RIO MAJACEITE DEL DORNAJO,10578.816,MEDIA,168
463,BARBATE-ERMITA DE SAN AMBROSIO HERRADURA DE BARBATE,2487.0241,PROFESIONAL,198
464,TRES AMIGOS - RÍO ARILLO ACANTILADO,4132.3899,MUY ALTA,94
465,SIERRAS DEL RETÍN Y LA PLATA REAL DE CORDERO,15817.7232,PROFESIONAL,167
466,SUBIDA A LA CRUZ DEL TAJO DE UBRIQUE DE TARAJE Y SAN ANTONIO,4770.9382,MUY BAJA,199
467,ZONA RECREATIVA PINAR DEL REY DE LOS PRISIONEROS,11721.3796,ALTA,232
468,RIBERA DEL PALMONES VERDE DOS BAHÍAS,8810.7135,MUY ALTA,171
469,CALAS DE ALGECIRAS DEL TAMBOR,16880.5397,MUY ALTA,71
470,CAÑADA REAL DE JEREZ A RONDA ,14497.0719,MUY ALTA,161
471,CABO DE TRAFALGAR-CAÑOS DE MECA BODEGA,10261.1351,BAJA,113
472,LA TOLETA ALGAIDA,10235.5482,ALTA,47
473,CORREDOR VERDE DOS BAHIAS. TRAMO I VERDE DE ALGECIRAS,13085.2759,MEDIA,254
474,PASARELAS DEL LITORAL DE ROTA DEL BOQUERÓN,9229.8358,ALTA,164
475,RUTA ZAHARA - EL GASTOR GUAREÑAS - PASADA DEL BOYAL,3272.4802,BAJA,123
476,EL TORREÓN DE BARBATE,17245.6251,MUY ALTA,47
477,LLANO DEL REPUBLICANO DEL PALMONES,8548.8288,MUY ALTA,201
478,RIO MAJACEITE PLATERAS,3971.5943,ALTA,234
479,PARQUE DEL CENTENARIO CARBONEROS,11300.5281,ALTA,214
480,EL TREN DEL AZÚCAR DE FATES,18862.5863,BAJA,97
481,SIERRAS DEL RETÍN Y LA PLATA CANALIZO DE LA SIERRA DE LÍJAR,19507.329,ALTA,235
482,DUNAS DE SAN ANTÓN DE LOS BATANES,15518.8572,MUY ALTA,203
483,CAMINO DEL GRULLO MEDIEVAL DE GIGONZA,9629.1691,PROFESIONAL,31
484,LAGUNA DE LOS TOLLOS Y TAJO,18791.3185,MEDIA,258
485,FUENTES DEL RÍO HONDÓN DEL MOLINO,10624.5023,BAJA,135
486,CALAS DE ALGECIRAS DEL LITORAL DE ROTA,19666.9998,MUY BAJA,169
487,GARGANTA DEL RAYO DE CHAVARRIA,5198.055,MUY BAJA,206
488,TORVISCALEJO-NACIMIENTO DEL HONDÓN AL TAJO LAGARÍN,3063.7342,BAJA,240
489,LA MUELA-LOS NACIMIENTOS LADERA,6617.5693,MEDIA,126
490,LLANOS DEL ENDRINAL DEL DESCANSADERO,7830.1609,ALTA,44
491,CALLEJÓN DEL MOLINO DEL RABEL,14789.5629,MUY ALTA,69
574,SUBIDA AL ALJIBE ACANTILADO,18570.1792,PROFESIONAL,167
492,ZAHARA DE LOS ATUNES-ATLANTERRA VERDE DEL LITORAL COSTA BALLENA-CHIPIONA,13571.585,PROFESIONAL,221
493,CONIL DE LA FRONTERA-VEJER DE LA FRONTERA MUELA-LOS NACIMIENTOS,5887.4794,PROFESIONAL,190
494,MONTE ALGAIDA DE LÍBAR,18782.5553,ALTA,41
495,SALINAS DOLORES DE LAS PRESILLAS,10927.2346,MUY BAJA,224
496,NAVAZO ALTO ALGARBES-BETIJUELO,9191.1991,MEDIA,171
497,SILLA DEL PAPA VERDE DE BORNOS,13791.474,ALTA,44
498,CALAS DE ROCHE PEÑA,3684.2484,BAJA,269
499,VALLE DE OJÉN PEÑA,18811.7281,MEDIA,91
500,RIBERA DEL EMBALSE DE BORNOS DEL RETÍN Y LA PLATA,15210.4528,BAJA,104
501,LAS FUENTES DE ESPERILLA,13799.5798,MUY ALTA,239
502,LA BODEGA GANADERAS DE JIMENA,18220.2758,MUY BAJA,276
503,CORDEL DE MORÓN-MIRADOR DE LAS TOSCAS ,10679.5471,MUY ALTA,120
504,PATRIMONIO FRONTERIZO DE ESPERILLA,15830.8972,BAJA,127
505,SIERRAS DEL RETÍN Y LA PLATA SALINA-FANGOS MAREALES DEL RÍO BARBATE,14050.7103,BAJA,282
506,DEHESA DE ROCHE VERDE DEL PUERTO DE SANTA MARÍA,9382.9067,MEDIA,236
507,SALINA SANTA MARÍA DE JESÚS DE LA CRUZ DE LA SIERRA DE LIJAR,11620.2205,BAJA,74
508,DESCENSO DEL ARROYO DE LA GARGANTA DEL BOYAR LA TAPA,10621.5066,MUY ALTA,242
509,SALINAS Y MARISMAS DE TREBUJENA QUEBRADAS,17103.8678,BAJA,40
510,SALINA LA TAPA A LA CRUZ DEL TAJO DE UBRIQUE,19833.9967,MUY BAJA,115
511,RIBERA DE GAIDOVAR DEL RÍO HONDÓN,7476.4529,PROFESIONAL,132
512,DEL ACANTILADO DEL RÍO HONDÓN,7439.5288,ALTA,263
513,LAGUNAS SALADA CHICA Y JUNCOSA DE UBRIQUE - ASOMADILLA,5406.0408,MUY BAJA,138
514,FUENTES DEL RÍO HONDÓN AL CERRO PICACHO DE PUERTO SERRANO,5329.5609,ALTA,141
515,LA PEÑA BODEGA,12904.181,BAJA,205
516,SALINAS DEL RATÓN DEL VIAJERO,5822.0084,ALTA,68
517,SISTEMA DUNAR DE TORRE NUEVA DEL ÁGUILA,3064.3989,MUY BAJA,133
518,PARQUE FLUVIAL DEL RÍO PÍCARO DE LAS SALINAS,4614.6183,PROFESIONAL,70
519,CASA DEL DORNAJO ALTO,1159.531,PROFESIONAL,91
520,VEREDA DE BARBATE DE UBRIQUE - ASOMADILLA,9167.0698,BAJA,198
521,OJO DEL MORO DE CAMINOS,13514.0346,PROFESIONAL,248
522,PASEO DE LA CRUZ DE LA SIERRA DE LIJAR NACIMIENTOS,19613.0227,PROFESIONAL,104
523,LA MONTERA DEL TORERO CALZADA DEHESA BOYAL,2629.6729,MUY ALTA,231
524,CORDEL DE LOS MARCHANTES DE OJÉN,7602.0136,MUY ALTA,226
525,LOS TRES PINOS DE EL BOSQUE-CAMINO DEL ESPINO,7079.7628,MEDIA,114
526,CAMINO DE LOS CHARCONES SETENIL A CAÑOS SANTOS,3173.7851,BAJA,203
527,TORRE DE LA MORITA MAJACEITE,19438.1858,MUY BAJA,232
528,PUERTA VERDE DE SAN FERNANDO DE LA ERA EMPEDRADA,14573.8485,ALTA,73
529,CERRO DEL RAYO ALMORAIMA,14945.2579,MUY BAJA,177
530,PASEO DE LOS POZOS DEL RATÓN,11695.2233,MUY BAJA,33
531,VÍA VERDE MATAGORDA CAÑILLO,2358.3155,MUY ALTA,200
532,LOMAS GANADERAS DE JIMENA DE BOLONIA-PULIDO,3950.8222,ALTA,30
533,OCURI DUNAR DE TORRE NUEVA,18281.0338,MUY BAJA,192
534,CORREDOR VERDE DOS BAHIAS. TRAMO II DEL JUDÍO,12004.5943,ALTA,231
535,SALTO DEL CABRERO DE ROCHE,3969.449,PROFESIONAL,169
536,LOMAS GANADERAS DE JIMENA DEL CABRERO,12718.6326,ALTA,276
537,ARROYO DE VALDEINFIERNO PEÑA,12181.638,MUY ALTA,68
538,PUERTA VERDE DE CHICLANA DEL ARROYO ALGAMASILLA,5896.9188,MUY BAJA,286
539,LA CALZADA ROMANA DE PALMITOS Y BARBECHOS,2984.9819,MEDIA,87
540,PUERTO DE LAS PRESILLAS DE BARBATE,11827.0683,MEDIA,118
541,SUBIDA A LA SILLA REAL DE JEREZ A RONDA,8153.622,MEDIA,228
542,CAMINO DEL PILAR DOLORES,12486.8839,PROFESIONAL,254
543,LAS SIERRAS DE ALGODONALES AGUILILLAS - LAS GUAREÑAS,14682.7336,ALTA,266
544,LLANO DEL REPUBLICANO VERDE DOS BAHIAS. TRAMO I,16249.6106,ALTA,239
545,VEREDA DE UBRIQUE - ASOMADILLA DE LA FRONTERA-VEJER DE LA FRONTERA,3742.9049,PROFESIONAL,119
546,LA ALBINA DE ZAFRAMAGÓN,1540.9677,MUY ALTA,252
547,VEREDA DE UBRIQUE - ASOMADILLA ERMITA Y EL SANTO,12220.8961,MEDIA,204
548,COVEZUELAS-CHARCA VERDE DE SAN ANTÓN,7652.2896,PROFESIONAL,113
549,VEREDA DE LA VENTA DEL SILLETERO LAS CANTERAS Y EL TEJÓN,14489.7383,BAJA,170
550,VÍA VERDE DE LA SIERRA DE BOLONIA-PULIDO,16331.0689,MEDIA,188
551,BAHÍA DE CÁDIZ DEL BOYAL- LA SUARA,9831.7304,ALTA,143
552,CABO DE TRAFALGAR-CAÑOS DE MECA DEL JUDÍO,3454.2184,ALTA,102
553,COLADA DE VENTA DE LECHE SALTILLO,4820.0051,BAJA,184
554,PATRIMONIO FRONTERIZO DEL VIAJERO,4624.4061,MEDIA,135
555,GARGANTA DE BARRIDA DEL BUJEO - HOYO DE DON PEDRO,4452.0624,PROFESIONAL,41
556,MARISMAS DEL BARBATE CAMARINAL,7490.8393,MUY BAJA,151
557,TORRE DEL TAJO GARGANTE VERDE,6975.2715,BAJA,148
558,SIERRAS DEL RETÍN Y LA PLATA TORUÑOS,9898.3534,ALTA,249
559,RIO MAJACEITE ALBINA,7224.8866,PROFESIONAL,190
560,RIBERA DEL EMBALSE DE BORNOS ,14513.0667,ALTA,82
561,COLADA DE LA REGINOSA DEL RAYO,1106.8517,MUY BAJA,82
562,DUNAS DE SAN ANTÓN TEJA,8506.8721,MEDIA,51
563,PUENTE DE LOS PALOMINOS DE LOS HURONES,2775.6291,PROFESIONAL,233
564,ZONA RECREATIVA PINAR DEL REY DE LA ESPERANZA,17316.8634,PROFESIONAL,234
565,CERRO DEL ÁGUILA A LA CRUZ DEL TAJO DE UBRIQUE,12363.9742,PROFESIONAL,223
566,RÍO GUADALMESÍ VERDE DOS BAHIAS. TRAMO I,14908.338,BAJA,209
567,COLADA DE LA REGINOSA ALMORAIMA,8756.9441,MUY BAJA,33
568,CAÑADA REAL DE CORDERO AL PICO ALBARRACÍN,11759.8555,MUY ALTA,207
569,LA PEÑA VERDE DOS BAHIAS. TRAMO I,15496.8455,MUY BAJA,166
570,LA LADERA DE FARDELA,1835.8158,BAJA,132
571,PUERTA VERDE DE LA LÍNEA DE LA CONCEPCIÓN ACANTILADO,5431.8477,MUY ALTA,252
572,CAMINOS RURALES DE ROTA DEL EMBALSE DE BORNOS,7965.3876,ALTA,213
573,LAS FUENTES AL TAJO DE UTRERA,18742.4383,BAJA,33
575,PATRIMONIO FRONTERIZO DEL BARBATE,8050.0534,BAJA,255
576,PUERTA VERDE DEL PUERTO DE SANTA MARÍA VERDE DOS BAHIAS. TRAMO IV,10468.3934,MUY BAJA,118
577,RÍO DE LA MIEL DEL ALJIBE,5040.5982,BAJA,214
578,LA PEDRIZA VERDE DOS BAHIAS. TRAMO IV,10102.1002,BAJA,211
579,COLADA DE LA REGINOSA DE BOLONIA-PULIDO,16441.4477,MUY ALTA,166
580,VÍA VERDE DE LA SIERRA SECA Y PUERTO DE LA BREÑA,17598.5907,PROFESIONAL,149
581,PASARELAS DEL LITORAL DE ROTA AL SANTUARIO DE NUESTRA SEÑORA DE LOS SANTOS,3986.2555,MUY BAJA,243
582,LA MESA DEL ESPARRAGAL TREN DEL AZÚCAR,15684.1648,MUY ALTA,186
583,DE PUNTA CARNERO A GETARES DEL VIAJERO,11616.6493,MUY ALTA,191
584,CAMINO DE CHAVARRIA AL CERRO VERDUGO,3600.3115,BAJA,231
585,OJO DEL MORO ZAHARA - EL GASTOR,1716.7156,PROFESIONAL,247
586,CALAS DE ROCHE DE LA TORRE,5547.0245,BAJA,270
587,RUTA DE LOS MOLINOS DE SETENIL DE MECA,8111.0369,PROFESIONAL,267
588,EL SALTADERO DE LA ESPERANZA,10941.2494,MEDIA,210
589,LA MUELA-LOS NACIMIENTOS FLUVIAL DEL RÍO PÍCARO,5439.4861,MUY ALTA,296
590,VEREDA DE UBRIQUE - ASOMADILLA DE LOS ATUNES-ATLANTERRA,14249.784,ALTA,115
591,VEJER DE LA FRONTERA-CANTARRANAS DEL DORNAJO,2844.8443,MUY BAJA,74
592,EL CARRASCÓN AGUILILLAS - LAS GUAREÑAS,7810.5757,MUY ALTA,243
593,LOMA DE SAN BARTOLOMÉ DEL TAJO,12541.0046,MUY BAJA,223
594,GARGANTA SECA Y PUERTO DE LA BREÑA VERDE DOS BAHIAS. TRAMO IV,17489.7249,MUY BAJA,67
595,CORREDOR VERDE DOS BAHIAS. TRAMO III FORESTAL,14201.4707,PROFESIONAL,194
596,RUTA DE LOS MOLINOS DE SETENIL FUENTES,9815.4851,MUY ALTA,186
597,EL SALTILLO DE CONIL,2648.1989,MEDIA,107
598,CERRO DEL RAYO PINSAPAR,19728.5159,MUY BAJA,53
599,VÍA VERDE DE BORNOS DE ARCOS,6630.8918,PROFESIONAL,267
600,DE SETENIL A CAÑOS SANTOS PALANCAR,13572.7751,MUY BAJA,218
601,PUERTO DE LAS PRESILLAS DE LAS FIGURAS,16889.5757,MEDIA,243
602,CAÑADAS DE LA JANDA MAJACEITE,14357.3034,MUY BAJA,107
603,LA MONTERA DEL TORERO AURELIA,15596.822,BAJA,126
604,PARQUE DEL CENTENARIO NACIMIENTOS,1862.4173,ALTA,137
605,PINAR DE LA ALGAIDA-SALINA DESAMPARADOS DE EL BOSQUE-CAMINO DEL ESPINO,3729.6814,MEDIA,290
606,PICACHO-PEGUERA AL PICO ALBARRACÍN,13624.054,PROFESIONAL,170
607,ARROYO DEL DESCANSADERO DE HIGUERÓN,10065.7251,MUY BAJA,202
608,CANTARRANAS-CORREDOR VERDE DOS BAHÍAS ALGARBES-BETIJUELO,12410.3286,PROFESIONAL,273
609,DEL ACANTILADO VERDE DE JEREZ DE LA FRONTERA,13862.7975,MUY BAJA,181
610,CORREDOR VERDE DEL PARQUE DE LAS CAÑADAS ,18159.5813,PROFESIONAL,68
611,CALAS DE ROCHE ALTO,14137.4074,PROFESIONAL,199
612,TAVIZNA-EMBALSE DE LOS HURONES DE LA FRONTERA-PALOMAR DE LA BREÑA,3068.9013,ALTA,160
613,SALTO DEL CABRERO ,17149.0364,MUY ALTA,234
614,EL TORREÓN LLANOS DEL BERRAL,18044.5476,MUY ALTA,224
615,LAS FUENTES VERDE DE LA SIERRA,17339.3918,BAJA,102
616,CABO DE TRAFALGAR-CONIL DE LA FRONTERA DEL AGUILA PINAR DEL REY,5393.3464,BAJA,121
617,DUNAS DEL RINCONCILLO DE CALAFATE,16616.1871,BAJA,236
618,CERRO DEL ÁGUILA DE FARDELA,13963.1967,MEDIA,233
619,ESCARPES DEL RIO TREJO DE LA JANDA,14840.2262,BAJA,164
620,ANTIGUA SALINA-FANGOS MAREALES DEL RÍO BARBATE DEL CENTENARIO,7137.524,MUY BAJA,240
621,PUERTA VERDE DEL PUERTO DE SANTA MARÍA DEL GUADALETE,11478.7416,MEDIA,42
622,PUERTO DE BOLONIA-PULIDO SIERRAS DE ALGODONALES,18057.3069,PROFESIONAL,115
623,PINAR DE LA ALGAIDA-SALINA DESAMPARADOS AMIGOS - RÍO ARILLO,11903.8581,MEDIA,111
624,EL CABRITO - PUERTO DEL BUJEO ,6190.7609,BAJA,251
625,EL SALTADERO DE LA PLAYA DE LA BARROSA,10739.4203,MEDIA,201
626,RÍO GUADALMESÍ HERRADURA DE BARBATE,5961.2988,BAJA,102
627,VALLE DE OJÉN PLATERAS,17331.5777,BAJA,94
628,CAMINO DE LOS PESCADORES AL TAJO DE UTRERA,11020.9748,PROFESIONAL,157
629,CAÑADA REAL LOS RATONES CABRITO - PUERTO DEL BUJEO,4200.7436,BAJA,294
630,CAMINO DEL GRULLO DE ROCHE,17475.0986,MEDIA,92
631,LAJA ALTA SALTADERO,18647.7551,ALTA,286
632,PUERTA VERDE DE JEREZ DE LA FRONTERA EXTENSA VEGA DE BORNOS,8146.4489,PROFESIONAL,103
633,ROJITAN SALADA CHICA Y JUNCOSA,7523.1063,BAJA,213
634,CAMINO DEL GRULLO DE LA FRONTERA-VEJER DE LA FRONTERA,19543.3175,MEDIA,289
635,RUTA DEL VIAJERO CABRITO - PUERTO DEL BUJEO,1495.2659,MUY BAJA,220
636,VEREDA DE UBRIQUE - ASOMADILLA DE ALGAR,11292.2029,ALTA,259
637,VEREDA DE UBRIQUE - ASOMADILLA CALZADA ROMANA,17331.7163,PROFESIONAL,126
638,COLADA DE FUENTE AMARGA MUELA-LOS NACIMIENTOS,2899.9275,MUY BAJA,170
639,LAGUNAS DE ESPERA DEL ENDRINAL,16751.0163,BAJA,37
640,PASARELAS DEL LITORAL DE ROTA PUNTA CARNERO A GETARES,6667.985,PROFESIONAL,156
641,COVEZUELAS-CHARCA VERDE DE LUZ,6832.5,MUY BAJA,255
642,RUTA DE LOS BANDOLEROS VERDE DOS BAHIAS. TRAMO II,18569.6692,ALTA,204
643,CAMINO DE CALAFATE DE LOS CHARCONES,13911.9836,MEDIA,119
644,SISTEMA DUNAR DE TORRE NUEVA DE LA MIEL,17520.6832,BAJA,77
645,DE SETENIL A CAÑOS SANTOS CALZADA ROMANA,6875.3551,PROFESIONAL,278
646,LAGUNA DE TARAJE Y SAN ANTONIO DE LA TORRE,2381.9874,PROFESIONAL,215
647,LOMAS GANADERAS DE JIMENA DEL LITORAL DE ROTA,2636.6313,MEDIA,170
648,LAGUNA DE LOS TOLLOS DEL RATÓN,12683.6539,MUY BAJA,240
649,MEANDROS DEL GUADALETE DE LA ALGAIDA-SALINA DESAMPARADOS,15394.6923,PROFESIONAL,138
650,PICACHO-PEGUERA DE OJÉN,12417.503,MEDIA,65
651,BENALUP-FACINAS LA TAPA,16278.1104,MUY ALTA,85
652,UN VIAJE EN EL TIEMPO DE HIGUERÓN,13147.2893,PROFESIONAL,194
653,DE PUNTA CARNERO A GETARES DE LA VENTA DEL SILLETERO,3828.7609,ALTA,102
654,LA PEDRIZA AL CERRO PICACHO DE PUERTO SERRANO,3181.5268,ALTA,96
655,LLANO DEL REPUBLICANO MESA DEL ESPARRAGAL,10454.3828,ALTA,111
656,CERRO DEL ÁGUILA EXTENSA VEGA DE BORNOS,5481.2637,MUY ALTA,64
657,VÍA VERDE DE LA SIERRA DE ALGECIRAS,14992.6041,ALTA,266
658,GARGANTA DE PUERTO OSCURO DE LOS BANDOLEROS,3728.0464,MUY ALTA,118
659,CASTILLO MEDIEVAL DE GIGONZA GUADALMESÍ,18252.9774,MUY ALTA,44
660,SALINAS Y MARISMAS DE TREBUJENA DE FARDELA,9142.4633,ALTA,227
661,LA MENACHA VERDE DEL LITORAL COSTA BALLENA-CHIPIONA,8096.0337,MUY ALTA,115
662,RUTA DEL VIAJERO DE TRAFALGAR-CONIL DE LA FRONTERA,15016.7181,BAJA,237
663,LA PRESA DEL EMBALSE DE BARBATE DE LOS CHARCONES,19904.7959,MUY ALTA,290
664,GARGANTA DE BOGAS FRONTERIZO,3993.1941,MEDIA,292
665,COMPLEJO ENDORREICO DE CHICLANA AL PICO ALBARRACÍN,17071.3284,MUY BAJA,197
666,PUERTA VERDE DE ALGECIRAS SALTILLO,7219.5787,MUY BAJA,31
667,CAMINOS RURALES DE ROTA HERRADURA DE BARBATE,12085.9665,MEDIA,261
668,PUENTE DE LOS PALOMINOS ,13092.0848,MEDIA,57
669,BENALUP-FACINAS VERDE DE SAN FERNANDO,11551.3028,MEDIA,167
670,VEREDA DE BARBATE AL TAJO LAGARÍN,12972.6971,ALTA,99
671,ESTUARIO DEL GUADIARO DEL AGUILA PINAR DEL REY,1935.6548,MUY BAJA,110
672,LA GARGANTE VERDE ,4156.4798,ALTA,164
673,EL PALANCAR DE LOS BANDOLEROS,16937.1123,PROFESIONAL,176
674,SUBIDA AL PICACHO CALZADA ROMANA,9820.9103,MUY BAJA,170
675,RUTA ZAHARA - EL GASTOR REAL DE CORDERO,16097.2246,BAJA,239
676,EL PALANCAR DE LA ASOMADA,16207.0592,MUY BAJA,273
677,SALINA DE LA ESPERANZA DE UBRIQUE - ASOMADILLA,6991.6815,MUY ALTA,33
678,FUENTES RURALES DE BENALUP-CASAS VIEJAS MUELA-LOS NACIMIENTOS,19213.8145,MUY ALTA,252
679,GARGANTA DEL RAYO DEL MOLINO,5366.8942,ALTA,178
680,LOS TORUÑOS VERDE DE LA SIERRA,17138.6818,PROFESIONAL,206
681,SALINAS DOLORES DE MONTECOCHE,1231.3059,MUY ALTA,58
682,LAS LOMAS DE CÁMARA SECA Y PUERTO DE LA BREÑA,9445.1952,ALTA,275
683,ENCINAR DE VICOS VERDE DE LA LÍNEA DE LA CONCEPCIÓN,5064.5986,ALTA,292
684,EL CABRITO - PUERTO DEL BUJEO CAÑUELO,4478.0201,ALTA,260
685,TRAVESÍA DE LA SIERRA DE LAS CABRAS DE ALGECIRAS,15789.8528,BAJA,260
686,TAJO DE LAS FIGURAS VERDE DE JEREZ DE LA FRONTERA,18940.4324,ALTA,47
687,COLADA DE LA COSTA DEL EMBALSE DE BORNOS,12450.7332,PROFESIONAL,98
688,COLADA DE EL BOSQUE-CAMINO DEL ESPINO CAÑILLO,5482.092,BAJA,36
689,VEGA DEL GUADIARO DE LUZ,5316.5719,PROFESIONAL,85
690,FUENTE DE RAMOS ANTIGUA LAGUNA DE LA JANDA,15279.0859,MUY ALTA,148
691,CAMINO DE LA ERA EMPEDRADA LADERA,15084.0982,PROFESIONAL,177
692,SALINAS Y MARISMAS DE TREBUJENA VIAJE EN EL TIEMPO,19595.6684,BAJA,262
693,BENALUP-FACINAS VERDE DEL PARQUE DE LAS CAÑADAS,19842.0542,MUY ALTA,143
694,VALLE DE OJÉN VERDE DE ALGECIRAS,18146.6035,ALTA,147
695,CALAS DE ROCHE DE LOS ATUNES-ATLANTERRA,13223.2263,MEDIA,215
696,PUERTO DE LAS PRESILLAS DEL CABRERO,12463.1274,MUY ALTA,244
697,LOMO DEL JUDÍO LAS CANTERAS Y EL TEJÓN,18589.5693,ALTA,295
698,CORREDOR VERDE DOS BAHIAS. TRAMO II DE SAN CARLOS DEL TIRADERO,8322.7736,MUY ALTA,291
699,LAGUNA DE BENAJIMA DE OJÉN,5310.7235,MUY ALTA,71
700,CERRO DEL CHARCO VERDE DE LA COSTA NOROESTE,16811.2123,PROFESIONAL,64
701,LOS TORUÑOS DE LA PLAYA DE LA BARROSA,11991.3831,MEDIA,286
702,CORREDOR VERDE DEL LITORAL COSTA BALLENA-CHIPIONA DE LOS REMEDIOS,7570.9139,MEDIA,52
703,SALINAS Y CAÑADAS DE PRADO DEL REY Y  EL BOSQUE DE CAOS,12061.3699,ALTA,64
704,CONIL DE LA FRONTERA-VEJER DE LA FRONTERA NACIMIENTOS,18827.9446,MUY ALTA,167
705,LA ALBINA DUNAR DE TORRE NUEVA,3582.58,ALTA,114
706,RÍO HOZGARGANTA PLATERAS,11396.878,BAJA,87
707,LAJA ALTA TORREÓN,14617.4365,ALTA,146
708,LOMO DEL JUDÍO TESORILLO,16832.7372,PROFESIONAL,206
709,CERRO DEL CHARCO REAL DE CORDERO,2638.36,MUY ALTA,179
710,MONTE DE LA TORRE LAS CANTERAS Y EL TEJÓN,17646.8291,ALTA,44
711,RIBERA DEL PALMONES DE CAMINOS,14306.1708,MUY BAJA,31
712,DESCENSO DEL ARROYO DE LA GARGANTA DEL BOYAR DEL RÍO PALMONES,4226.502,BAJA,143
713,SUBIDA AL CERRO PICACHO DE PUERTO SERRANO ,11604.7581,BAJA,145
714,LA EXTENSA VEGA DE BORNOS DE LA MIEL,1804.0179,PROFESIONAL,204
715,RUTA DE LOS MOLINOS DE SETENIL SALTADERO,14313.573,MUY ALTA,117
716,VEREDA DE UBRIQUE - ASOMADILLA LADERA,6897.9941,MEDIA,291
717,DE SETENIL A CAÑOS SANTOS AL CERRO VERDUGO,8334.4232,MEDIA,111
718,PUERTA VERDE DE LA LÍNEA DE LA CONCEPCIÓN DEL AGUILA PINAR DEL REY,4985.8585,ALTA,288
719,LA SUARA DEL MOLINO,19284.0637,MUY BAJA,256
720,RUINAS DE ESPERILLA DE LAS VIÑAS,8016.1349,BAJA,182
721,DOLMEN DE LOS LAJARES Y CANCHA BERMEJA DEL EMBALSE DE ARCOS,15667.9027,MUY BAJA,277
722,ZAHARA DE LOS ATUNES-ATLANTERRA DE ROCHE,7486.9492,PROFESIONAL,223
723,PUERTO DE LAS PRESILLAS AL CERRO VERDUGO,14480.1721,MEDIA,265
724,LAS ALBINAS VERDE DE LA SIERRA,14413.2227,PROFESIONAL,214
725,RUTA DE LOS BANDOLEROS VERDE DE SANLÚCAR DE BARRAMEDA,13619.2968,MUY ALTA,75
726,CALAS DE ROCHE DEL BOYAR,12673.5893,MUY ALTA,94
727,OCURI DE LA REGINOSA,8878.5101,MUY ALTA,204
728,CONIL DE LA FRONTERA-VEJER DE LA FRONTERA ATALAYA,17156.7456,MUY BAJA,201
729,PICACHO-PEGUERA NACIMIENTOS,5356.0525,ALTA,264
730,TRAVESIA DEL ALJIBE FRONTERIZO,2907.4813,PROFESIONAL,38
731,ALGODONALES-LOS NACIMIENTOS ACANTILADO,3227.61,MEDIA,86
732,PARQUE FLUVIAL DEL RÍO PÍCARO DE BOLONIA-PULIDO,15567.8815,BAJA,230
733,SIERRA DE LAS VIÑAS DE ROCHE,1302.6121,BAJA,153
734,RIBERA DEL PALMONES ALGARBES-BETIJUELO,9676.3421,BAJA,276
735,LA ALBINA DEL RETÍN Y LA PLATA,2267.8036,MUY ALTA,248
736,COMPLEJO ENDORREICO DE CHICLANA DEL RIO TREJO,9735.5068,PROFESIONAL,64
737,SANTUARIO DEL BACINETE DE LAS PALOMAS - CERRO DE COROS,8583.7266,MUY ALTA,127
738,LA MONTERA DEL TORERO DE LOS REMEDIOS,18342.9111,BAJA,33
739,ALGODONALES-LOS NACIMIENTOS DEL RÍO PALMONES,15772.9764,MEDIA,134
740,FARO CAMARINAL DE CONIL,7817.3332,MUY ALTA,147
741,CAMINO DE LAS SALINAS DE SAN AMBROSIO,8517.118,ALTA,231
742,RIO MAJACEITE VERDE,8808.2198,ALTA,169
743,GARGANTA DE PUERTO OSCURO VERDE DE LA LÍNEA DE LA CONCEPCIÓN,16393.8708,ALTA,206
744,PICACHO-PEGUERA ,3193.5711,PROFESIONAL,155
745,PUERTA VERDE DE SAN FERNANDO DE LAS MOCITAS,2550.3576,MUY ALTA,63
746,CERRO DE LOS BATANES VERDE DE ALGECIRAS,16366.3882,BAJA,211
747,CAMINO DEL PILAR DEL REPUBLICANO,12696.4437,ALTA,47
748,FRONTERA FORESTAL SUARA,9837.6417,ALTA,133
749,PUERTO DEL BUJEO - HOYO DE DON PEDRO ALGARBES-BETIJUELO,5057.0435,MUY BAJA,171
750,MONTE ALGAIDA PLATERAS,10453.0891,PROFESIONAL,275
751,EL CANALIZO DE LA SIERRA DE LÍJAR DEL EMBALSE DE BORNOS,12941.3106,ALTA,176
752,LA MUELA-LOS NACIMIENTOS VERDE DE JEREZ DE LA FRONTERA,9901.6601,MEDIA,220
753,LA EXTENSA VEGA DE BORNOS DEL RÍO HONDÓN,17618.4793,MUY BAJA,155
754,RÍO GUADALMESÍ DE LOS BANDOLEROS,11903.4699,MEDIA,231
755,CAMINO DE LOS PESCADORES PLATERAS,1368.3758,ALTA,153
756,LAS FUENTES PLATERAS,8043.8848,PROFESIONAL,88
757,CALAS DE ALGECIRAS AL MOGOTE,14439.8658,MUY ALTA,171
758,LA SUARA DE LA TORRE,4489.6824,ALTA,262
759,VEREDA DE LA ASOMADA DEL ENDRINAL,7566.6641,MEDIA,184
760,CAÑADA REAL DE JEREZ A RONDA DEL TAJO,17066.0326,BAJA,282
761,RIBERA DEL EMBALSE DE BORNOS DE UBRIQUE - ASOMADILLA,7214.5105,ALTA,278
762,MOJÓN DE LA VÍBORA PEÑA,11481.8031,MUY BAJA,42
763,COLADA DE FUENTE AMARGA DE ESPERA,15315.2132,BAJA,59
764,PUERTO DE BOLONIA-PULIDO RURALES DE BENALUP-CASAS VIEJAS,8975.9463,MUY ALTA,244
765,ENCRUCIJADA DE CAMINOS Y MARISMAS DE TREBUJENA,1620.7066,MEDIA,121
766,BENALUP-FACINAS VERDE DE LA LÍNEA DE LA CONCEPCIÓN,15364.7924,MUY ALTA,196
767,CAÑADA REAL DE CORDERO DE LA MIEL,2023.5315,ALTA,119
768,PUERTO DEL BUJEO - HOYO DE DON PEDRO PEDRIZA,7411.087,MEDIA,285
769,JARILLO-TORRE DE MECA DEL BARBATE,17661.5444,MUY BAJA,227
770,PASADA DEL BOYAL- LA SUARA DE CONIL,6536.0909,ALTA,223
771,LOS ALGARBES-BETIJUELO DE LA MIEL,8742.8609,MUY ALTA,39
772,PUERTO DEL BUJEO - HOYO DE DON PEDRO VERDE DE SAN FERNANDO,10599.4727,MEDIA,60
773,CERRO DEL AGUILA PINAR DEL REY DEL HONDÓN,3759.8054,ALTA,275
774,CERRO DEL RAYO DE ZAFRAMAGÓN,6783.8999,MUY BAJA,32
775,TORVISCALEJO-NACIMIENTO DEL HONDÓN DE BARBATE,3535.3704,MUY ALTA,196
776,SIERRAS DEL RETÍN Y LA PLATA DE LA CAÑADA DE MÁLAGA,7040.2891,MUY ALTA,161
777,TRES AMIGOS - RÍO ARILLO DE CAOS,12457.5247,MUY ALTA,175
778,PIEDRA PARDA DE LA ALGAIDA-SALINA DESAMPARADOS,15872.5626,MUY ALTA,93
779,PASEO DE LOS POZOS AL CERRO VERDUGO,14222.8009,MEDIA,51
780,LA MUELA-LOS NACIMIENTOS DE LA FRONTERA-VEJER DE LA FRONTERA,12581.1739,PROFESIONAL,70
781,ASCENSO AL TAJO LAGARÍN ROCHE,9329.3258,BAJA,31
782,MONTE ALGAIDA VERDE DOS BAHIAS. TRAMO III,16628.6355,PROFESIONAL,252
783,LAS QUEBRADAS DE BARBATE,6294.3292,ALTA,243
784,CERRO DEL TAMBOR DE LA ALGAIDA-SALINA DESAMPARADOS,2473.76,ALTA,223
785,TRAVESIA DEL ALJIBE ,1307.277,MUY ALTA,92
786,RÍO ROCINEJO PEÑA,18228.7706,BAJA,220
787,ARROYO DE SAN CARLOS DEL TIRADERO PLATERAS,19340.0073,PROFESIONAL,45
788,SALINAS Y CAÑADAS DE PRADO DEL REY Y  EL BOSQUE DE CONIL,1484.3102,BAJA,293
789,RUTA ZAHARA - EL GASTOR DEL BOYAR,4308.0091,MUY ALTA,183
790,LOMAS GANADERAS DE JIMENA PINSAPAR,1961.6793,BAJA,63
791,LOS LLANOS DEL BERRAL NACIMIENTOS,4655.5943,MUY ALTA,78
792,LA EXTENSA VEGA DE BORNOS PRESA DEL EMBALSE DE BARBATE,17453.2925,PROFESIONAL,298
793,PINAR DE LA ALGAIDA-SALINA DESAMPARADOS DEL BACINETE,11632.9482,PROFESIONAL,284
794,DUNAS DE SAN ANTÓN FRONTERIZO,18314.185,MUY ALTA,121
795,PASARELAS DEL LITORAL DE ROTA DEL CHARCO,12699.6583,MEDIA,145
796,LAGUNAS SALADA CHICA Y JUNCOSA FORESTAL,13266.7277,BAJA,100
797,LLANOS DE LÍBAR REAL DE CORDERO,17504.2789,MUY ALTA,40
798,SANTUARIO DEL BACINETE ,7849.0149,PROFESIONAL,217
799,PUERTA VERDE DE SAN ROQUE Y MARISMAS DE TREBUJENA,11184.08,BAJA,57
800,TRAVESÍA DE LA SIERRA DE LAS CABRAS Y MARISMAS DE TREBUJENA,2279.8399,PROFESIONAL,131
801,CALLEJÓN DE LAS MOCITAS DE RAMOS,2415.6295,ALTA,294
802,MONTE DE LA TORRE MAJACEITE,7800.0887,MUY ALTA,51
803,PUERTA VERDE DE SAN ROQUE DEL RAYO,9189.7573,ALTA,216
804,COLADA DE LA COSTA LANCES,11833.137,MEDIA,269
805,CANUTO DEL ARROYO ALGAMASILLA DEL BUJEO - HOYO DE DON PEDRO,7395.649,MEDIA,224
806,LA PRESA DEL EMBALSE DE BARBATE SETENIL A CAÑOS SANTOS,9400.53,ALTA,232
807,RÍO DE LA MIEL MEDIEVAL DE GRAZALEMA,13380.0699,PROFESIONAL,92
808,PUERTA VERDE DE LA LÍNEA DE LA CONCEPCIÓN DEL CABRERO,1620.6508,PROFESIONAL,159
809,COLADA DE EL BOSQUE-CAMINO DEL ESPINO VERDE DE LA LÍNEA DE LA CONCEPCIÓN,14726.8646,PROFESIONAL,83
810,LAGUNA DE BENAJIMA DE LA JANDA,5599.2002,MEDIA,184
811,PRESA DEL FRESNILLO CALZADA DEHESA BOYAL,2273.3278,MEDIA,200
812,TRAVESÍA DE LA SIERRA DE LAS CABRAS DEL ÁGUILA,2288.9723,MUY BAJA,155
813,SALINA CARBONEROS AL ALJIBE,5609.776,BAJA,99
814,PUERTA VERDE DE SANLÚCAR DE BARRAMEDA RECREATIVA PINAR DEL REY,6318.1587,PROFESIONAL,234
815,SUBIDA AL CERRO PICACHO DE PUERTO SERRANO ANTIGUA LAGUNA DE LA JANDA,8581.9065,PROFESIONAL,53
816,VILLALUENGA-NAVAZOS DE CAOS DE LOS LAJARES Y CANCHA BERMEJA,15895.2925,MUY ALTA,172
817,COLA DEL EMBALSE DE ARCOS CAÑILLO,9742.4058,PROFESIONAL,253
818,CAÑADA REAL DE JEREZ A RONDA CAÑUELO,12077.6424,PROFESIONAL,280
819,DEHESA DE ROCHE DEL EMBALSE DE ARCOS,14991.515,ALTA,188
820,NAVAZO ALTO DE LOS HURONES,1231.5852,MUY BAJA,133
821,CAMINO DE LA ERA EMPEDRADA CARBONEROS,11181.0901,PROFESIONAL,243
822,SALINAS Y CAÑADAS DE PRADO DEL REY Y  EL BOSQUE DE SAN BARTOLOMÉ,2894.0042,MEDIA,80
823,CAMINO DE CHAVARRIA DOLORES,11635.0288,MUY ALTA,64
824,LA BODEGA DE LA FRONTERA-PALOMAR DE LA BREÑA,19972.3986,ALTA,37
825,LAS QUEBRADAS AGUILILLAS - LAS GUAREÑAS,15005.219,BAJA,130
826,DUNAS DE SAN ANTÓN CAÑUELO,15522.5865,PROFESIONAL,56
827,LAS AGUILILLAS - LAS GUAREÑAS DE LOS BATANES,15177.7763,PROFESIONAL,245
828,VEREDA DE BARBATE DEL CHARCO,5667.3172,ALTA,221
829,DUNAS DE SAN ANTÓN LAS CANTERAS Y EL TEJÓN,6535.0612,PROFESIONAL,178
830,PASEO AL SANTUARIO DE NUESTRA SEÑORA DE LOS SANTOS DEL GUADIARO,14287.1954,MEDIA,127
831,PUNTA DEL BOQUERÓN TOLETA,11266.0616,MUY ALTA,231
832,LA ALBINA CARBONEROS,5587.8651,PROFESIONAL,68
833,SUBIDA AL PICACHO VERDE DOS BAHIAS. TRAMO I,9347.7618,MEDIA,118
834,VEJER DE LA FRONTERA-CANTARRANAS DE HIGUERÓN,7181.4482,MEDIA,222
835,LA EXTENSA VEGA DE BORNOS DE LA TORRE,4801.5052,PROFESIONAL,105
836,LAGUNA DE LOS TOLLOS MAJACEITE,2030.4388,PROFESIONAL,66
837,PUERTA VERDE DE LA LÍNEA DE LA CONCEPCIÓN DEL EMBALSE DE BORNOS,5101.6773,MUY ALTA,263
838,ANTIGUA SALINA-FANGOS MAREALES DEL RÍO BARBATE SALADA CHICA Y JUNCOSA,2851.5289,PROFESIONAL,227
839,LA ANTIGUA LAGUNA DE LA JANDA SUARA,2464.6555,MUY ALTA,98
840,ESCARPES DEL RIO TREJO DE UBRIQUE - ASOMADILLA,6923.7482,ALTA,77
841,PASARELAS DEL LITORAL DE ROTA DEL PAPA,17000.3793,MEDIA,38
842,RÍO DE LA MIEL DE TRAFALGAR-CAÑOS DE MECA,5125.4116,PROFESIONAL,252
843,SALINAS Y MARISMAS DE TREBUJENA DEL LITORAL DE ROTA,13424.8253,ALTA,32
844,PUERTO DE LAS PRESILLAS DE BENAJIMA,2359.181,PROFESIONAL,240
845,CANUTO DE RISCO BLANCO LAGARÍN,4804.8889,BAJA,140
846,LAGUNAS SALADA CHICA Y JUNCOSA TRES PINOS,5606.8562,MUY BAJA,149
847,RUTA DE LOS BANDOLEROS VERDE DE SAN FERNANDO,18516.6875,MUY ALTA,134
848,LLANO DEL REPUBLICANO DE EL BOSQUE-CAMINO DEL ESPINO,7598.3782,MEDIA,184
849,NACIMIENTO DE GARCIAGO VERDE,16840.7622,MUY BAJA,264
850,ZAHARA DE LOS ATUNES-ATLANTERRA DE LAS FIGURAS,2099.7873,MUY ALTA,227
851,PASEO DE LOS POZOS DEL AGUILA PINAR DEL REY,19140.3208,ALTA,280
852,GR-7 ALTO,19858.1468,BAJA,151
853,CANUTO DE RISCO BLANCO DEL BARBATE,19688.8054,PROFESIONAL,257
854,LOS TORUÑOS DEL ARROYO ALGAMASILLA,7167.4423,ALTA,45
855,SUBIDA A LA SILLA QUEBRADAS,15053.6572,MUY BAJA,34
856,SUBIDA AL CERRO ALBARRACINEJO DE LOS MOLINOS DE SETENIL,1237.0446,ALTA,179
857,BARRANCO HONDO DE BOLONIA,17643.3105,BAJA,217
858,PUERTO DE BOLONIA-PULIDO HONDO,6057.4315,ALTA,73
859,CAMPOBUCHE ALTO DE EL BOSQUE,2519.5356,ALTA,77
860,SUBIDA AL TAJO DE UTRERA SETENIL A CAÑOS SANTOS,5128.2169,ALTA,62
861,CAMINO DE LOS CHARCONES DE CÁDIZ,9882.0692,MUY BAJA,115
862,PUERTA VERDE DE LA LÍNEA DE LA CONCEPCIÓN DE LA MORITA,12377.2439,MEDIA,189
863,LAGUNA DE TARAJE Y SAN ANTONIO VERDE DE SAN ROQUE,4543.3718,MUY BAJA,124
864,CALAS DE CONIL DE CALAFATE,10504.5982,ALTA,237
865,COMPLEJO ENDORREICO DE CHICLANA DE SAN ANTÓN,10765.2952,BAJA,123
866,SALINA SANTA MARÍA DE JESÚS SALINA-FANGOS MAREALES DEL RÍO BARBATE,4210.7959,MUY ALTA,125
867,LA ALMORAIMA VERDE DE SAN FERNANDO,3182.613,PROFESIONAL,81
868,CERRO DEL CHARCO DEL CALVARIO,6430.6762,MUY ALTA,210
869,CANUTO DE RISCO BLANCO DEL REPUBLICANO,3555.8164,MUY BAJA,226
870,VÍA VERDE DE LA COSTA NOROESTE GUADALMESÍ,6389.9821,MUY ALTA,200
871,CORDEL DE LOS MARCHANTES ENDORREICO DE CHICLANA,8069.267,PROFESIONAL,258
872,TORVISCALEJO-NACIMIENTO DEL HONDÓN Y TAJO,17810.3463,ALTA,165
873,MURTA VERDE DE SANLÚCAR DE BARRAMEDA,2450.3094,BAJA,36
874,LAS LOMAS DE CÁMARA AL MOGOTE,19745.9538,PROFESIONAL,58
875,LAGUNAS SALADA CHICA Y JUNCOSA DE OJÉN,17445.0323,ALTA,118
876,RUINAS DE ESPERILLA DE PALMITOS Y BARBECHOS,4281.0352,MUY ALTA,161
877,MONTE ALGAIDA DEL GUADIARO,15223.0123,ALTA,134
878,CORREDOR VERDE DOS BAHIAS. TRAMO IV CALZADA ROMANA,15150.5099,PROFESIONAL,48
879,CERRO DEL ÁGUILA VERDE DE LA SIERRA,4500.1823,PROFESIONAL,153
880,VEJER DE LA FRONTERA-CANTARRANAS DEL RABEL,12475.1835,MUY BAJA,185
881,RUTA DE LOS MOLINOS DE SETENIL DEL RÍO HONDÓN,11823.8653,BAJA,81
882,ROJITAN DEL RINCONCILLO,8480.7164,MUY BAJA,94
883,CERRO DE LOS BATANES AL SANTUARIO DE NUESTRA SEÑORA DE LOS SANTOS,4355.2315,ALTA,282
884,BUITRERAS DE ZAFRAMAGÓN DE GAIDOVAR,12169.0076,MUY ALTA,87
885,CAMINO DE LOS CHARCONES DEL DESCANSADERO,13310.1886,BAJA,248
886,EL TREN DEL AZÚCAR ALTA,13334.3015,MUY BAJA,31
887,ALBERITE ALBINA,12895.0649,PROFESIONAL,257
888,CASA DEL DORNAJO DE LA ERA EMPEDRADA,4258.7869,ALTA,103
889,EL SALTILLO DE LAS PRESILLAS,12179.1044,MUY ALTA,96
890,SIERRA DE LAS VIÑAS DE MECA,18558.7595,ALTA,158
891,CANTARRANAS-CORREDOR VERDE DOS BAHÍAS DE CAOS,3061.9266,ALTA,219
892,PARQUE DEL CENTENARIO VERDE DE SANLÚCAR DE BARRAMEDA,18114.1533,MUY BAJA,66
893,ANTIGUA SALINA-FANGOS MAREALES DEL RÍO BARBATE ROCHE,7957.0114,ALTA,146
894,HUERTA LAGARÍN AL TAJO LAGARÍN,11558.0956,BAJA,203
895,VEREDA DE UBRIQUE - ASOMADILLA MUELA-LOS NACIMIENTOS,7748.0675,BAJA,166
896,MARISMAS DEL BARBATE FRONTERIZO,6604.5037,MUY ALTA,198
897,LA TOLETA ,13096.3226,MEDIA,211
898,VILLALUENGA-NAVAZOS DE CAOS PALANCAR,10957.4052,ALTA,181
899,PUERTA VERDE DE JEREZ DE LA FRONTERA CARRASCÓN,18236.1014,MUY BAJA,138
900,CAMINO DEL GRULLO SALTADERO,8957.4518,MUY BAJA,232
901,FRONTERA FORESTAL ALBINA,10440.0648,PROFESIONAL,192
902,SUBIDA AL PICACHO VERDE DE LA COSTA NOROESTE,1499.8121,BAJA,140
903,FÁBRICAS DE LUZ HERRADURA DE BARBATE,6647.395,PROFESIONAL,285
904,LAGUNA DE BENAJIMA DE LOS ATUNES-ATLANTERRA,14550.0287,BAJA,278
905,SALINAS DEL RATÓN DE ESPERILLA,7115.3469,BAJA,61
906,ESTUARIO DEL GUADIARO ZAHARA - EL GASTOR,19572.4806,BAJA,224
907,SIERRAS DEL RETÍN Y LA PLATA DE LÍBAR,5014.2619,MUY ALTA,251
908,GARGANTA DE MILLAN ,17799.3559,MUY BAJA,127
909,TAVIZNA-EMBALSE DE LOS HURONES DEL BARBATE,15098.0596,PROFESIONAL,218
910,CERROS DE PALMITOS Y BARBECHOS CARBONEROS,19949.9029,MEDIA,256
911,PIEDRA PARDA DEL RATÓN,12461.3086,MUY ALTA,154
912,OJO DEL MORO DE MECA,12456.7129,ALTA,178
913,LOS LANCES DE LA ASOMADA,17247.0986,MUY BAJA,183
914,ARROYO DEL DESCANSADERO DE LA FRONTERA-VEJER DE LA FRONTERA,2045.5899,MEDIA,82
915,VÍA VERDE DE LA SIERRA PINSAPAR,18057.4458,MUY ALTA,99
916,CORREDOR VERDE DEL PARQUE DE LAS CAÑADAS Y CAÑADAS DE PRADO DEL REY Y EL BOSQUE,13699.6471,PROFESIONAL,200
917,CERRO DEL AGUILA PINAR DEL REY VERDE DE SAN FERNANDO,9338.8915,BAJA,224
918,PUERTA VERDE DE SAN FERNANDO SALTADERO,19452.2523,BAJA,177
919,DEHESA DEL BOYAR DE LA PLAZA DE ARMAS,15964.1568,BAJA,180
920,LLANO DEL RABEL DEL RETÍN Y LA PLATA,4272.4765,PROFESIONAL,251
921,EL SALTILLO DEL RÍO PALMONES,7986.6983,PROFESIONAL,48
922,ARROYO DEL DESCANSADERO FORESTAL,16015.6576,MUY ALTA,269
923,ESTUARIO DEL GUADIARO SALINA-FANGOS MAREALES DEL RÍO BARBATE,4300.0034,MEDIA,49
924,BENALUP-FACINAS AL MOGOTE,16407.7163,PROFESIONAL,89
925,SUBIDA AL PICACHO DE LOS MARCHANTES,16698.5886,MUY ALTA,210
926,EL CAÑILLO DE LA ERA EMPEDRADA,11985.7654,MUY ALTA,105
927,LAS SIERRAS DE ALGODONALES DE LAS VIÑAS,16302.4582,MUY ALTA,274
928,CAMINO DE LAS SALINAS VERDE DOS BAHIAS. TRAMO IV,8332.8562,MUY ALTA,229
929,LAGUNA DE MEDINA FLUVIAL DEL RÍO PÍCARO,10874.5476,PROFESIONAL,257
930,RUTA DEL VIAJERO DE LA PLAZA DE ARMAS,13593.6731,BAJA,284
931,ALGODONALES-LOS NACIMIENTOS DE LA TORRE,14040.6465,BAJA,247
932,VÍA VERDE MATAGORDA DE MECA,8311.8929,PROFESIONAL,191
933,GARGANTA DEL RAYO DE ZAFRAMAGÓN,9754.4109,PROFESIONAL,91
934,MARISMAS DEL RÍO PALMONES DEL GUADALETE,7876.797,MUY BAJA,91
935,CORREDOR VERDE DOS BAHIAS. TRAMO IV PUENTES ROMANOS DE MEDINA SIDONIA,8478.4943,PROFESIONAL,82
936,PUERTO DE BOLONIA-PULIDO DE ALGECIRAS,14132.3794,BAJA,102
937,OJO DEL MORO VERDE DE SAN ROQUE,4363.718,BAJA,142
938,SALINA LA TAPA DE LOS PRISIONEROS,9846.2847,PROFESIONAL,74
939,MEANDROS DEL GUADALETE TREN DEL AZÚCAR,19697.9916,ALTA,41
940,CAMPOBUCHE REAL DE CORDERO,16891.4189,MEDIA,131
941,PUERTA VERDE DE SAN FERNANDO DE ALGECIRAS,6410.897,PROFESIONAL,74
942,SUBIDA AL CERRO VERDUGO VERDE DE SAN ROQUE,15132.7856,ALTA,53
943,CANUTO DEL ARROYO ALGAMASILLA PINSAPAR,12910.7495,MEDIA,206
944,CABO DE TRAFALGAR-CONIL DE LA FRONTERA DEL BARBATE,10389.4652,ALTA,292
